,,,PA_10min,,PA_10min,,PA_10min,,TA_10min,,TA_10min,,TA_10min,,UR_10min,,UR_10min,,UR_10min,,RG_10min,,RG_10min,,RG_10min,,US_20_10min,,US_20_10min,,US_20_10min,,US_60_10min,,US_60_10min,,US_60_10min,,US_40_10min,,US_40_10min,,US_40_10min,,TS_20_10min,,TS_20_10min,,TS_20_10min,,TS_60_10min,,TS_60_10min,,TS_60_10min,,TS_40_10min,,TS_40_10min,,TS_40_10min,,UF_10min,,UF_10min,,UF_10min,,VV_DV_10min,,VV_DV_10min,,VV_DV_10min,,VV_DV_10min,,VV_DV_10min,,VV_DV_10min,,SParServer,,Charger,
date,time,status,Avg,status,Max,status,Min,status,Avg,status,Max,status,Min,status,Avg,status,Max,status,Min,status,Avg,status,Max,status,Min,status,Avg,status,Max,status,Min,status,Avg,status,Max,status,Min,status,Avg,status,Max,status,Min,status,Avg,status,Max,status,Min,status,Avg,status,Max,status,Min,status,Avg,status,Max,status,Min,status,Avg,status,Max,status,Min,status,DirAvg10m,status,GustDir,status,LullDir,status,SpdAvg10m,status,SpdMax10m,status,SpdMin10m,status,PP_10min,status,External_DC,
7/30/17,12:00:03 AM,VALID,912.338,VALID,912.4,VALID,912.3,VALID,13.338,VALID,13.4,VALID,13.3,VALID,90.44,VALID,90.6,VALID,90.1,VALID,0.006,VALID,0.023,VALID,0.0,VALID,4.722,VALID,4.722,VALID,4.722,VALID,17.379,VALID,17.405,VALID,17.365,VALID,8.13,VALID,8.147,VALID,8.099,VALID,16.1,VALID,16.1,VALID,16.1,VALID,15.01,VALID,15.1,VALID,15.0,VALID,14.74,VALID,14.8,VALID,14.7,VALID,513.306,VALID,516.357,VALID,509.033,VALID,40.0,VALID,71.0,VALID,204.0,VALID,2.248,VALID,5.898,VALID,0.5,VALID,0.0,VALID,12.378,
7/30/17,12:10:03 AM,VALID,912.35,VALID,912.4,VALID,912.3,VALID,13.49,VALID,13.5,VALID,13.4,VALID,89.715,VALID,90.1,VALID,89.4,VALID,0.019,VALID,0.035,VALID,0.0,VALID,4.722,VALID,4.722,VALID,4.722,VALID,17.371,VALID,17.385,VALID,17.344,VALID,8.125,VALID,8.147,VALID,8.099,VALID,16.1,VALID,16.1,VALID,16.1,VALID,15.02,VALID,15.1,VALID,15.0,VALID,14.74,VALID,14.8,VALID,14.7,VALID,502.869,VALID,507.812,VALID,497.437,VALID,32.0,VALID,69.0,VALID,48.0,VALID,2.905,VALID,6.203,VALID,0.5,VALID,0.0,VALID,12.383,
7/30/17,12:20:03 AM,VALID,912.395,VALID,912.4,VALID,912.3,VALID,13.515,VALID,13.6,VALID,13.5,VALID,89.208,VALID,89.4,VALID,88.7,VALID,0.015,VALID,0.052,VALID,0.0,VALID,4.722,VALID,4.722,VALID,4.722,VALID,17.377,VALID,17.385,VALID,17.365,VALID,8.123,VALID,8.171,VALID,8.075,VALID,16.09,VALID,16.1,VALID,16.0,VALID,15.0,VALID,15.0,VALID,15.0,VALID,14.74,VALID,14.8,VALID,14.7,VALID,489.929,VALID,495.605,VALID,483.398,VALID,27.0,VALID,67.0,VALID,265.0,VALID,2.921,VALID,7.297,VALID,0.297,VALID,0.0,VALID,12.382,
7/30/17,12:30:03 AM,VALID,912.393,VALID,912.4,VALID,912.3,VALID,13.532,VALID,13.6,VALID,13.5,VALID,88.77,VALID,88.9,VALID,88.5,VALID,0.008,VALID,0.055,VALID,0.0,VALID,4.722,VALID,4.722,VALID,4.722,VALID,17.376,VALID,17.385,VALID,17.365,VALID,8.128,VALID,8.147,VALID,8.099,VALID,16.09,VALID,16.1,VALID,16.0,VALID,15.0,VALID,15.0,VALID,15.0,VALID,14.77,VALID,14.8,VALID,14.7,VALID,478.516,VALID,482.178,VALID,474.854,VALID,24.0,VALID,37.0,VALID,46.0,VALID,1.815,VALID,4.5,VALID,0.102,VALID,0.0,VALID,12.38,
7/30/17,12:40:03 AM,VALID,912.37,VALID,912.4,VALID,912.3,VALID,13.507,VALID,13.6,VALID,13.5,VALID,88.252,VALID,88.6,VALID,88.1,VALID,0.007,VALID,0.032,VALID,0.0,VALID,4.722,VALID,4.722,VALID,4.722,VALID,17.371,VALID,17.385,VALID,17.365,VALID,8.123,VALID,8.147,VALID,8.099,VALID,16.07,VALID,16.1,VALID,16.0,VALID,15.0,VALID,15.0,VALID,15.0,VALID,14.76,VALID,14.8,VALID,14.7,VALID,466.431,VALID,473.633,VALID,458.984,VALID,44.0,VALID,66.0,VALID,162.0,VALID,2.836,VALID,5.602,VALID,0.297,VALID,0.0,VALID,12.378,
7/30/17,12:50:03 AM,VALID,912.31,VALID,912.4,VALID,912.3,VALID,13.523,VALID,13.6,VALID,13.5,VALID,88.05,VALID,88.3,VALID,87.7,VALID,0.021,VALID,0.04,VALID,0.0,VALID,4.722,VALID,4.722,VALID,4.722,VALID,17.379,VALID,17.385,VALID,17.365,VALID,8.13,VALID,8.147,VALID,8.099,VALID,16.04,VALID,16.1,VALID,16.0,VALID,15.03,VALID,15.1,VALID,15.0,VALID,14.78,VALID,14.8,VALID,14.7,VALID,449.341,VALID,457.153,VALID,440.674,VALID,31.0,VALID,22.0,VALID,23.0,VALID,3.095,VALID,8.297,VALID,0.5,VALID,0.0,VALID,12.377,
7/30/17,1:00:03 AM,VALID,912.318,VALID,912.4,VALID,912.3,VALID,13.585,VALID,13.6,VALID,13.5,VALID,88.07,VALID,88.3,VALID,87.9,VALID,0.032,VALID,0.072,VALID,0.0,VALID,4.722,VALID,4.722,VALID,4.722,VALID,17.376,VALID,17.385,VALID,17.365,VALID,8.132,VALID,8.147,VALID,8.099,VALID,16.03,VALID,16.1,VALID,16.0,VALID,15.01,VALID,15.1,VALID,15.0,VALID,14.77,VALID,14.8,VALID,14.7,VALID,428.894,VALID,437.622,VALID,421.143,VALID,37.0,VALID,19.0,VALID,346.0,VALID,2.717,VALID,5.703,VALID,0.703,VALID,0.0,VALID,12.368,
7/30/17,1:10:02 AM,VALID,912.381,VALID,912.4,VALID,912.3,VALID,13.504,VALID,13.6,VALID,13.5,VALID,87.863,VALID,88.2,VALID,87.5,VALID,0.015,VALID,0.034,VALID,0.0,VALID,4.722,VALID,4.722,VALID,4.722,VALID,17.377,VALID,17.385,VALID,17.365,VALID,8.137,VALID,8.171,VALID,8.099,VALID,16.03,VALID,16.1,VALID,16.0,VALID,15.04,VALID,15.1,VALID,15.0,VALID,14.77,VALID,14.8,VALID,14.7,VALID,412.476,VALID,419.922,VALID,402.832,VALID,20.0,VALID,11.0,VALID,346.0,VALID,2.231,VALID,6.398,VALID,0.297,VALID,0.0,VALID,12.354,
7/30/17,1:20:02 AM,VALID,912.476,VALID,912.5,VALID,912.4,VALID,13.45,VALID,13.5,VALID,13.4,VALID,87.606,VALID,87.7,VALID,87.4,VALID,0.005,VALID,0.025,VALID,0.0,VALID,4.722,VALID,4.722,VALID,4.722,VALID,17.377,VALID,17.385,VALID,17.365,VALID,8.123,VALID,8.147,VALID,8.075,VALID,16.02,VALID,16.1,VALID,16.0,VALID,15.01,VALID,15.1,VALID,15.0,VALID,14.78,VALID,14.8,VALID,14.7,VALID,389.893,VALID,401.001,VALID,377.808,VALID,30.0,VALID,19.0,VALID,25.0,VALID,3.364,VALID,6.0,VALID,1.0,VALID,0.0,VALID,12.366,
7/30/17,1:30:02 AM,VALID,912.5,VALID,912.5,VALID,912.5,VALID,13.4,VALID,13.4,VALID,13.4,VALID,87.432,VALID,87.7,VALID,87.0,VALID,0.007,VALID,0.021,VALID,0.0,VALID,4.722,VALID,4.722,VALID,4.722,VALID,17.382,VALID,17.385,VALID,17.365,VALID,8.123,VALID,8.147,VALID,8.099,VALID,16.0,VALID,16.0,VALID,16.0,VALID,15.01,VALID,15.1,VALID,15.0,VALID,14.79,VALID,14.8,VALID,14.7,VALID,363.342,VALID,375.977,VALID,352.173,VALID,29.0,VALID,57.0,VALID,348.0,VALID,3.356,VALID,6.703,VALID,1.297,VALID,0.0,VALID,12.367,
7/30/17,1:40:02 AM,VALID,912.5,VALID,912.5,VALID,912.5,VALID,13.4,VALID,13.4,VALID,13.4,VALID,87.789,VALID,87.9,VALID,87.7,VALID,0.01,VALID,0.025,VALID,0.0,VALID,4.722,VALID,4.722,VALID,4.722,VALID,17.377,VALID,17.385,VALID,17.365,VALID,8.13,VALID,8.147,VALID,8.099,VALID,16.0,VALID,16.0,VALID,16.0,VALID,15.03,VALID,15.1,VALID,15.0,VALID,14.78,VALID,14.8,VALID,14.7,VALID,343.384,VALID,350.342,VALID,336.914,VALID,8.0,VALID,12.0,VALID,44.0,VALID,2.013,VALID,4.203,VALID,0.297,VALID,0.0,VALID,12.363,
7/30/17,1:50:02 AM,INVALID,0.0,INVALID,0.0,INVALID,0.0,INVALID,0.0,INVALID,0.0,INVALID,0.0,INVALID,0.0,INVALID,0.0,INVALID,0.0,VALID,0.014,VALID,0.035,VALID,0.0,VALID,4.722,VALID,4.722,VALID,4.722,VALID,17.373,VALID,17.385,VALID,17.365,VALID,8.135,VALID,8.171,VALID,8.099,VALID,16.0,VALID,16.0,VALID,16.0,VALID,15.04,VALID,15.1,VALID,15.0,VALID,14.79,VALID,14.8,VALID,14.7,VALID,331.36,VALID,335.083,VALID,329.59,VALID,11.0,VALID,356.0,VALID,327.0,VALID,2.307,VALID,4.703,VALID,0.797,VALID,0.0,VALID,12.361,
7/30/17,2:00:02 AM,INVALID,0.0,INVALID,0.0,INVALID,0.0,INVALID,0.0,INVALID,0.0,INVALID,0.0,INVALID,0.0,INVALID,0.0,INVALID,0.0,VALID,0.001,VALID,0.01,VALID,0.0,VALID,4.722,VALID,4.722,VALID,4.722,VALID,17.376,VALID,17.385,VALID,17.365,VALID,8.116,VALID,8.147,VALID,8.075,VALID,16.0,VALID,16.0,VALID,16.0,VALID,15.04,VALID,15.1,VALID,15.0,VALID,14.79,VALID,14.8,VALID,14.7,VALID,329.163,VALID,329.59,VALID,328.979,VALID,21.0,VALID,344.0,VALID,342.0,VALID,1.92,VALID,4.0,VALID,0.797,VALID,0.0,VALID,12.358,
7/30/17,2:10:02 AM,VALID,912.42,VALID,912.5,VALID,912.4,VALID,13.4,VALID,13.4,VALID,13.4,VALID,87.453,VALID,87.6,VALID,87.3,VALID,0.011,VALID,0.032,VALID,0.0,VALID,4.722,VALID,4.722,VALID,4.722,VALID,17.375,VALID,17.385,VALID,17.365,VALID,8.132,VALID,8.171,VALID,8.075,VALID,16.0,VALID,16.0,VALID,16.0,VALID,15.04,VALID,15.1,VALID,15.0,VALID,14.8,VALID,14.8,VALID,14.8,VALID,329.041,VALID,329.59,VALID,328.979,VALID,359.0,VALID,18.0,VALID,92.0,VALID,1.962,VALID,3.797,VALID,0.102,VALID,0.0,VALID,12.354,
7/30/17,2:20:02 AM,VALID,912.371,VALID,912.4,VALID,912.3,VALID,13.4,VALID,13.4,VALID,13.4,VALID,87.481,VALID,87.7,VALID,87.2,VALID,0.013,VALID,0.048,VALID,0.0,VALID,4.722,VALID,4.722,VALID,4.722,VALID,17.379,VALID,17.405,VALID,17.365,VALID,8.127,VALID,8.171,VALID,8.099,VALID,16.0,VALID,16.0,VALID,16.0,VALID,15.04,VALID,15.1,VALID,15.0,VALID,14.79,VALID,14.8,VALID,14.7,VALID,328.979,VALID,328.979,VALID,328.979,VALID,357.0,VALID,47.0,VALID,245.0,VALID,1.569,VALID,3.102,VALID,0.203,VALID,0.0,VALID,12.337,
7/30/17,2:30:02 AM,VALID,912.3,VALID,912.3,VALID,912.3,VALID,13.333,VALID,13.4,VALID,13.3,VALID,87.889,VALID,88.0,VALID,87.8,VALID,0.0,VALID,0.001,VALID,0.0,VALID,4.722,VALID,4.722,VALID,4.722,VALID,17.381,VALID,17.385,VALID,17.365,VALID,8.132,VALID,8.171,VALID,8.099,VALID,16.0,VALID,16.0,VALID,16.0,VALID,15.05,VALID,15.1,VALID,15.0,VALID,14.8,VALID,14.8,VALID,14.8,VALID,329.59,VALID,329.59,VALID,329.59,VALID,334.0,VALID,334.0,VALID,316.0,VALID,1.702,VALID,2.602,VALID,0.602,VALID,0.0,VALID,12.334,
7/30/17,2:40:02 AM,VALID,912.2,VALID,912.2,VALID,912.2,VALID,13.1,VALID,13.1,VALID,13.1,VALID,88.0,VALID,88.0,VALID,88.0,VALID,0.017,VALID,0.046,VALID,0.0,VALID,4.722,VALID,4.722,VALID,4.722,VALID,17.381,VALID,17.405,VALID,17.365,VALID,8.13,VALID,8.147,VALID,8.099,VALID,16.0,VALID,16.0,VALID,16.0,VALID,15.05,VALID,15.1,VALID,15.0,VALID,14.8,VALID,14.8,VALID,14.8,VALID,329.956,VALID,331.421,VALID,329.59,VALID,316.0,VALID,360.0,VALID,194.0,VALID,0.872,VALID,2.102,VALID,0.102,VALID,0.0,VALID,12.341,
7/30/17,2:50:02 AM,VALID,912.2,VALID,912.3,VALID,912.1,VALID,13.008,VALID,13.1,VALID,12.9,VALID,88.283,VALID,88.8,VALID,88.1,VALID,0.01,VALID,0.038,VALID,0.0,VALID,4.722,VALID,4.722,VALID,4.722,VALID,17.376,VALID,17.385,VALID,17.365,VALID,8.132,VALID,8.171,VALID,8.099,VALID,16.0,VALID,16.0,VALID,16.0,VALID,15.07,VALID,15.1,VALID,15.0,VALID,14.8,VALID,14.8,VALID,14.8,VALID,333.923,VALID,336.914,VALID,331.421,VALID,304.0,VALID,13.0,VALID,18.0,VALID,0.873,VALID,1.797,VALID,0.102,VALID,0.0,VALID,12.338,
7/30/17,3:00:02 AM,VALID,912.1,VALID,912.1,VALID,912.1,VALID,12.809,VALID,12.9,VALID,12.7,VALID,89.064,VALID,89.4,VALID,88.8,VALID,0.001,VALID,0.006,VALID,0.0,VALID,4.722,VALID,4.722,VALID,4.722,VALID,17.377,VALID,17.385,VALID,17.365,VALID,8.125,VALID,8.147,VALID,8.099,VALID,16.0,VALID,16.0,VALID,16.0,VALID,15.07,VALID,15.1,VALID,15.0,VALID,14.82,VALID,14.9,VALID,14.8,VALID,339.844,VALID,342.407,VALID,337.524,VALID,306.0,VALID,345.0,VALID,288.0,VALID,0.696,VALID,1.297,VALID,0.102,VALID,0.0,VALID,12.335,
7/30/17,3:10:02 AM,VALID,912.1,VALID,912.1,VALID,912.1,VALID,12.607,VALID,12.7,VALID,12.6,VALID,89.957,VALID,90.2,VALID,89.1,VALID,0.001,VALID,0.008,VALID,0.0,VALID,4.722,VALID,4.722,VALID,4.722,VALID,17.379,VALID,17.405,VALID,17.365,VALID,8.125,VALID,8.171,VALID,8.099,VALID,16.0,VALID,16.0,VALID,16.0,VALID,15.04,VALID,15.1,VALID,15.0,VALID,14.8,VALID,14.8,VALID,14.8,VALID,345.703,VALID,346.68,VALID,343.628,VALID,310.0,VALID,320.0,VALID,283.0,VALID,1.049,VALID,2.0,VALID,0.398,VALID,0.0,VALID,12.328,
7/30/17,3:20:02 AM,VALID,912.135,VALID,912.2,VALID,912.1,VALID,12.6,VALID,12.6,VALID,12.6,VALID,90.347,VALID,90.6,VALID,90.1,VALID,0.009,VALID,0.027,VALID,0.0,VALID,4.722,VALID,4.722,VALID,4.722,VALID,17.379,VALID,17.385,VALID,17.365,VALID,8.135,VALID,8.171,VALID,8.075,VALID,16.0,VALID,16.0,VALID,16.0,VALID,15.09,VALID,15.1,VALID,15.0,VALID,14.81,VALID,14.9,VALID,14.8,VALID,345.642,VALID,347.29,VALID,344.238,VALID,9.0,VALID,17.0,VALID,231.0,VALID,1.278,VALID,2.703,VALID,0.102,VALID,0.0,VALID,12.324,
7/30/17,3:30:02 AM,VALID,912.197,VALID,912.2,VALID,912.1,VALID,12.627,VALID,12.7,VALID,12.6,VALID,90.742,VALID,91.1,VALID,90.5,VALID,0.016,VALID,0.03,VALID,0.0,VALID,4.722,VALID,4.722,VALID,4.722,VALID,17.377,VALID,17.405,VALID,17.365,VALID,8.139,VALID,8.147,VALID,8.123,VALID,15.98,VALID,16.0,VALID,15.9,VALID,15.1,VALID,15.1,VALID,15.1,VALID,14.83,VALID,14.9,VALID,14.8,VALID,342.59,VALID,343.628,VALID,341.187,VALID,42.0,VALID,65.0,VALID,294.0,VALID,1.463,VALID,3.602,VALID,0.102,VALID,0.0,VALID,12.319,
7/30/17,3:40:02 AM,VALID,912.195,VALID,912.2,VALID,912.1,VALID,12.702,VALID,12.8,VALID,12.7,VALID,90.675,VALID,90.9,VALID,90.4,VALID,0.017,VALID,0.044,VALID,0.0,VALID,4.722,VALID,4.722,VALID,4.722,VALID,17.415,VALID,17.445,VALID,17.385,VALID,8.123,VALID,8.171,VALID,8.099,VALID,15.91,VALID,16.0,VALID,15.9,VALID,15.1,VALID,15.1,VALID,15.1,VALID,14.83,VALID,14.9,VALID,14.8,VALID,343.201,VALID,344.849,VALID,341.797,VALID,64.0,VALID,70.0,VALID,130.0,VALID,1.842,VALID,3.602,VALID,0.102,VALID,0.0,VALID,12.296,
7/30/17,3:50:02 AM,VALID,912.177,VALID,912.2,VALID,912.1,VALID,12.667,VALID,12.7,VALID,12.6,VALID,90.677,VALID,90.9,VALID,90.4,VALID,0.008,VALID,0.035,VALID,0.0,VALID,4.722,VALID,4.722,VALID,4.722,VALID,17.435,VALID,17.445,VALID,17.425,VALID,8.142,VALID,8.171,VALID,8.099,VALID,15.9,VALID,15.9,VALID,15.9,VALID,15.1,VALID,15.1,VALID,15.1,VALID,14.85,VALID,14.9,VALID,14.8,VALID,347.656,VALID,350.342,VALID,345.459,VALID,51.0,VALID,81.0,VALID,85.0,VALID,1.501,VALID,3.602,VALID,0.203,VALID,0.0,VALID,12.301,
7/30/17,4:00:02 AM,VALID,912.103,VALID,912.2,VALID,912.1,VALID,12.62,VALID,12.7,VALID,12.6,VALID,90.558,VALID,90.8,VALID,90.4,VALID,0.008,VALID,0.02,VALID,0.0,VALID,4.722,VALID,4.722,VALID,4.722,VALID,17.441,VALID,17.465,VALID,17.425,VALID,8.132,VALID,8.171,VALID,8.099,VALID,15.9,VALID,15.9,VALID,15.9,VALID,15.1,VALID,15.1,VALID,15.1,VALID,14.8,VALID,14.8,VALID,14.8,VALID,353.577,VALID,356.445,VALID,350.342,VALID,69.0,VALID,37.0,VALID,131.0,VALID,1.534,VALID,2.898,VALID,0.203,VALID,0.0,VALID,12.303,
7/30/17,4:10:02 AM,VALID,912.1,VALID,912.1,VALID,912.1,VALID,12.55,VALID,12.6,VALID,12.5,VALID,90.643,VALID,91.0,VALID,90.4,VALID,0.009,VALID,0.03,VALID,0.0,VALID,4.722,VALID,4.722,VALID,4.722,VALID,17.435,VALID,17.445,VALID,17.425,VALID,8.13,VALID,8.171,VALID,8.099,VALID,15.9,VALID,15.9,VALID,15.9,VALID,15.1,VALID,15.1,VALID,15.1,VALID,14.81,VALID,14.9,VALID,14.8,VALID,360.84,VALID,364.38,VALID,357.666,VALID,72.0,VALID,86.0,VALID,15.0,VALID,1.363,VALID,2.297,VALID,0.5,VALID,0.0,VALID,12.299,
7/30/17,4:20:02 AM,VALID,912.1,VALID,912.1,VALID,912.1,VALID,12.488,VALID,12.5,VALID,12.4,VALID,90.91,VALID,91.1,VALID,90.6,VALID,0.009,VALID,0.031,VALID,0.0,VALID,4.722,VALID,4.722,VALID,4.722,VALID,17.435,VALID,17.445,VALID,17.425,VALID,8.125,VALID,8.147,VALID,8.099,VALID,15.9,VALID,15.9,VALID,15.9,VALID,15.1,VALID,15.1,VALID,15.1,VALID,14.8,VALID,14.8,VALID,14.8,VALID,367.92,VALID,370.483,VALID,364.99,VALID,58.0,VALID,25.0,VALID,48.0,VALID,1.498,VALID,2.703,VALID,0.398,VALID,0.0,VALID,12.294,
7/30/17,4:30:02 AM,VALID,912.142,VALID,912.2,VALID,912.1,VALID,12.428,VALID,12.5,VALID,12.4,VALID,90.892,VALID,91.1,VALID,90.6,VALID,0.012,VALID,0.028,VALID,0.0,VALID,4.722,VALID,4.722,VALID,4.722,VALID,17.429,VALID,17.445,VALID,17.425,VALID,8.151,VALID,8.195,VALID,8.123,VALID,15.9,VALID,15.9,VALID,15.9,VALID,15.1,VALID,15.1,VALID,15.1,VALID,14.83,VALID,14.9,VALID,14.8,VALID,372.192,VALID,373.535,VALID,371.094,VALID,67.0,VALID,68.0,VALID,94.0,VALID,1.502,VALID,2.898,VALID,0.398,VALID,0.0,VALID,12.29,
7/30/17,4:40:02 AM,VALID,912.2,VALID,912.2,VALID,912.2,VALID,12.4,VALID,12.4,VALID,12.4,VALID,90.778,VALID,91.0,VALID,90.6,VALID,0.02,VALID,0.068,VALID,0.0,VALID,4.722,VALID,4.722,VALID,4.722,VALID,17.435,VALID,17.445,VALID,17.425,VALID,8.147,VALID,8.171,VALID,8.123,VALID,15.9,VALID,15.9,VALID,15.9,VALID,15.1,VALID,15.1,VALID,15.1,VALID,14.82,VALID,14.9,VALID,14.8,VALID,376.709,VALID,380.859,VALID,373.535,VALID,86.0,VALID,93.0,VALID,104.0,VALID,1.139,VALID,2.297,VALID,0.398,VALID,0.0,VALID,12.285,
7/30/17,4:50:02 AM,VALID,912.15,VALID,912.2,VALID,912.1,VALID,12.295,VALID,12.4,VALID,12.2,VALID,90.725,VALID,91.0,VALID,90.4,VALID,0.02,VALID,0.059,VALID,0.003,VALID,4.75,VALID,4.849,VALID,4.722,VALID,17.441,VALID,17.445,VALID,17.425,VALID,8.135,VALID,8.147,VALID,8.123,VALID,15.9,VALID,15.9,VALID,15.9,VALID,15.1,VALID,15.1,VALID,15.1,VALID,14.84,VALID,14.9,VALID,14.8,VALID,386.292,VALID,391.235,VALID,382.08,VALID,77.0,VALID,50.0,VALID,93.0,VALID,1.49,VALID,2.703,VALID,0.602,VALID,0.0,VALID,12.277,
7/30/17,5:00:02 AM,VALID,912.105,VALID,912.2,VALID,912.1,VALID,12.195,VALID,12.2,VALID,12.1,VALID,90.793,VALID,91.2,VALID,90.4,VALID,0.005,VALID,0.027,VALID,0.0,VALID,4.724,VALID,4.748,VALID,4.722,VALID,17.427,VALID,17.445,VALID,17.405,VALID,8.13,VALID,8.171,VALID,8.099,VALID,15.85,VALID,15.9,VALID,15.8,VALID,15.1,VALID,15.1,VALID,15.1,VALID,14.82,VALID,14.9,VALID,14.8,VALID,396.545,VALID,401.611,VALID,391.846,VALID,75.0,VALID,62.0,VALID,155.0,VALID,1.45,VALID,2.602,VALID,0.102,VALID,0.0,VALID,12.254,
7/30/17,5:10:02 AM,VALID,912.113,VALID,912.2,VALID,912.1,VALID,11.778,VALID,12.1,VALID,11.6,VALID,90.217,VALID,90.9,VALID,88.9,VALID,0.025,VALID,0.053,VALID,0.0,VALID,4.725,VALID,4.748,VALID,4.722,VALID,17.427,VALID,17.445,VALID,17.405,VALID,8.139,VALID,8.171,VALID,8.123,VALID,15.8,VALID,15.8,VALID,15.8,VALID,15.1,VALID,15.1,VALID,15.1,VALID,14.84,VALID,14.9,VALID,14.8,VALID,411.377,VALID,419.312,VALID,402.832,VALID,254.0,VALID,49.0,VALID,165.0,VALID,0.421,VALID,2.0,VALID,0.0,VALID,0.0,VALID,12.263,
7/30/17,5:20:02 AM,VALID,912.13,VALID,912.2,VALID,912.1,VALID,11.455,VALID,11.6,VALID,11.3,VALID,91.388,VALID,92.2,VALID,90.3,VALID,0.01,VALID,0.048,VALID,0.0,VALID,4.725,VALID,4.748,VALID,4.722,VALID,17.428,VALID,17.445,VALID,17.405,VALID,8.135,VALID,8.171,VALID,8.099,VALID,15.8,VALID,15.8,VALID,15.8,VALID,15.1,VALID,15.1,VALID,15.1,VALID,14.85,VALID,14.9,VALID,14.8,VALID,426.575,VALID,430.908,VALID,420.532,VALID,290.0,VALID,265.0,VALID,348.0,VALID,0.67,VALID,1.203,VALID,0.102,VALID,0.0,VALID,12.262,
7/30/17,5:30:02 AM,VALID,912.105,VALID,912.2,VALID,912.1,VALID,11.023,VALID,11.4,VALID,10.7,VALID,91.183,VALID,92.7,VALID,89.8,VALID,0.024,VALID,0.046,VALID,0.0,VALID,4.722,VALID,4.722,VALID,4.722,VALID,17.463,VALID,17.505,VALID,17.445,VALID,8.132,VALID,8.147,VALID,8.099,VALID,15.8,VALID,15.8,VALID,15.8,VALID,15.1,VALID,15.1,VALID,15.1,VALID,14.84,VALID,14.9,VALID,14.8,VALID,433.594,VALID,436.401,VALID,431.519,VALID,116.0,VALID,128.0,VALID,84.0,VALID,0.434,VALID,1.0,VALID,0.0,VALID,0.0,VALID,12.258,
7/30/17,5:40:02 AM,VALID,912.1,VALID,912.1,VALID,912.1,VALID,10.587,VALID,10.9,VALID,10.4,VALID,91.798,VALID,92.5,VALID,91.3,VALID,0.035,VALID,0.082,VALID,0.005,VALID,4.722,VALID,4.722,VALID,4.722,VALID,17.443,VALID,17.465,VALID,17.425,VALID,8.137,VALID,8.171,VALID,8.099,VALID,15.8,VALID,15.8,VALID,15.8,VALID,15.1,VALID,15.1,VALID,15.1,VALID,14.88,VALID,14.9,VALID,14.8,VALID,440.125,VALID,441.895,VALID,437.622,VALID,128.0,VALID,147.0,VALID,212.0,VALID,0.793,VALID,1.297,VALID,0.102,VALID,0.0,VALID,12.253,
7/30/17,5:50:02 AM,VALID,912.1,VALID,912.1,VALID,912.1,VALID,10.462,VALID,10.6,VALID,10.3,VALID,92.705,VALID,93.2,VALID,91.7,VALID,0.034,VALID,0.051,VALID,0.0,VALID,4.722,VALID,4.722,VALID,4.722,VALID,17.448,VALID,17.525,VALID,17.425,VALID,8.128,VALID,8.147,VALID,8.099,VALID,15.8,VALID,15.8,VALID,15.8,VALID,15.1,VALID,15.1,VALID,15.1,VALID,14.85,VALID,14.9,VALID,14.8,VALID,442.078,VALID,442.505,VALID,441.895,VALID,146.0,VALID,155.0,VALID,115.0,VALID,1.36,VALID,1.703,VALID,1.0,VALID,0.0,VALID,12.248,
7/30/17,6:00:02 AM,VALID,912.1,VALID,912.1,VALID,912.1,VALID,10.427,VALID,10.8,VALID,10.0,VALID,92.497,VALID,93.7,VALID,90.5,VALID,0.019,VALID,0.044,VALID,0.0,VALID,4.723,VALID,4.748,VALID,4.722,VALID,17.493,VALID,17.545,VALID,17.465,VALID,8.135,VALID,8.171,VALID,8.099,VALID,15.8,VALID,15.8,VALID,15.8,VALID,15.1,VALID,15.1,VALID,15.1,VALID,14.86,VALID,14.9,VALID,14.8,VALID,442.627,VALID,443.115,VALID,441.895,VALID,144.0,VALID,146.0,VALID,129.0,VALID,1.231,VALID,1.797,VALID,0.602,VALID,0.0,VALID,12.243,
7/30/17,6:10:02 AM,VALID,912.1,VALID,912.1,VALID,912.1,VALID,10.192,VALID,10.7,VALID,9.9,VALID,92.155,VALID,93.7,VALID,90.9,VALID,0.013,VALID,0.036,VALID,0.0,VALID,4.727,VALID,4.748,VALID,4.722,VALID,17.482,VALID,17.505,VALID,17.465,VALID,8.142,VALID,8.171,VALID,8.099,VALID,15.8,VALID,15.8,VALID,15.8,VALID,15.1,VALID,15.1,VALID,15.1,VALID,14.86,VALID,14.9,VALID,14.8,VALID,444.458,VALID,446.167,VALID,443.115,VALID,133.0,VALID,137.0,VALID,110.0,VALID,0.993,VALID,1.5,VALID,0.398,VALID,0.0,VALID,12.231,
7/30/17,6:20:02 AM,VALID,912.1,VALID,912.1,VALID,912.1,VALID,10.04,VALID,10.2,VALID,9.9,VALID,92.697,VALID,93.4,VALID,92.2,VALID,0.017,VALID,0.048,VALID,0.0,VALID,4.722,VALID,4.722,VALID,4.722,VALID,17.479,VALID,17.505,VALID,17.445,VALID,8.139,VALID,8.171,VALID,8.099,VALID,15.8,VALID,15.8,VALID,15.8,VALID,15.1,VALID,15.1,VALID,15.1,VALID,14.89,VALID,14.9,VALID,14.8,VALID,447.998,VALID,449.219,VALID,446.167,VALID,133.0,VALID,146.0,VALID,100.0,VALID,0.968,VALID,1.5,VALID,0.398,VALID,0.0,VALID,12.216,
7/30/17,6:30:02 AM,VALID,912.093,VALID,912.1,VALID,912.0,VALID,10.471,VALID,10.9,VALID,10.0,VALID,93.607,VALID,94.1,VALID,92.1,VALID,0.012,VALID,0.043,VALID,0.0,VALID,4.722,VALID,4.722,VALID,4.722,VALID,17.455,VALID,17.465,VALID,17.445,VALID,8.137,VALID,8.171,VALID,8.099,VALID,15.8,VALID,15.8,VALID,15.8,VALID,15.1,VALID,15.1,VALID,15.1,VALID,14.88,VALID,14.9,VALID,14.8,VALID,449.951,VALID,450.439,VALID,449.219,VALID,92.0,VALID,73.0,VALID,316.0,VALID,0.548,VALID,1.102,VALID,0.0,VALID,0.0,VALID,12.227,
7/30/17,6:40:02 AM,VALID,912.023,VALID,912.1,VALID,912.0,VALID,10.733,VALID,11.1,VALID,10.3,VALID,92.99,VALID,94.1,VALID,91.9,VALID,0.015,VALID,0.044,VALID,0.0,VALID,4.722,VALID,4.722,VALID,4.722,VALID,17.431,VALID,17.445,VALID,17.405,VALID,8.139,VALID,8.171,VALID,8.123,VALID,15.8,VALID,15.8,VALID,15.8,VALID,15.1,VALID,15.1,VALID,15.1,VALID,14.89,VALID,14.9,VALID,14.8,VALID,450.073,VALID,450.439,VALID,449.829,VALID,99.0,VALID,106.0,VALID,213.0,VALID,0.669,VALID,1.398,VALID,0.102,VALID,0.0,VALID,12.225,
7/30/17,6:50:02 AM,VALID,912.111,VALID,912.2,VALID,912.0,VALID,10.967,VALID,11.2,VALID,10.6,VALID,93.322,VALID,93.6,VALID,93.1,VALID,0.013,VALID,0.036,VALID,0.0,VALID,4.722,VALID,4.722,VALID,4.722,VALID,17.437,VALID,17.445,VALID,17.425,VALID,8.137,VALID,8.171,VALID,8.099,VALID,15.8,VALID,15.8,VALID,15.8,VALID,15.1,VALID,15.1,VALID,15.1,VALID,14.89,VALID,14.9,VALID,14.8,VALID,450.256,VALID,451.05,VALID,449.829,VALID,88.0,VALID,51.0,VALID,118.0,VALID,0.898,VALID,2.0,VALID,0.297,VALID,0.0,VALID,12.221,
7/30/17,7:00:02 AM,INVALID,0.0,INVALID,0.0,INVALID,0.0,INVALID,0.0,INVALID,0.0,INVALID,0.0,INVALID,0.0,INVALID,0.0,INVALID,0.0,VALID,0.004,VALID,0.024,VALID,0.0,VALID,4.722,VALID,4.722,VALID,4.722,VALID,17.424,VALID,17.425,VALID,17.405,VALID,8.144,VALID,8.171,VALID,8.099,VALID,15.8,VALID,15.8,VALID,15.8,VALID,15.1,VALID,15.1,VALID,15.1,VALID,14.88,VALID,14.9,VALID,14.8,VALID,450.5,VALID,451.05,VALID,450.439,VALID,82.0,VALID,74.0,VALID,51.0,VALID,1.02,VALID,2.0,VALID,0.297,VALID,0.0,VALID,12.218,
7/30/17,7:10:02 AM,INVALID,0.0,INVALID,0.0,INVALID,0.0,INVALID,0.0,INVALID,0.0,INVALID,0.0,INVALID,0.0,INVALID,0.0,INVALID,0.0,VALID,0.004,VALID,0.029,VALID,0.0,VALID,4.722,VALID,4.722,VALID,4.722,VALID,17.417,VALID,17.425,VALID,17.405,VALID,8.144,VALID,8.195,VALID,8.123,VALID,15.8,VALID,15.8,VALID,15.8,VALID,15.1,VALID,15.1,VALID,15.1,VALID,14.9,VALID,14.9,VALID,14.9,VALID,453.43,VALID,457.153,VALID,451.66,VALID,38.0,VALID,66.0,VALID,251.0,VALID,0.578,VALID,1.203,VALID,0.0,VALID,0.0,VALID,12.215,
7/30/17,7:20:02 AM,VALID,912.365,VALID,912.4,VALID,912.3,VALID,11.235,VALID,11.4,VALID,11.1,VALID,90.824,VALID,91.3,VALID,89.9,VALID,0.004,VALID,0.035,VALID,0.0,VALID,4.725,VALID,4.748,VALID,4.722,VALID,17.427,VALID,17.445,VALID,17.405,VALID,8.156,VALID,8.171,VALID,8.123,VALID,15.8,VALID,15.8,VALID,15.8,VALID,15.1,VALID,15.1,VALID,15.1,VALID,14.86,VALID,14.9,VALID,14.8,VALID,461.792,VALID,465.698,VALID,458.374,VALID,95.0,VALID,55.0,VALID,162.0,VALID,0.325,VALID,0.703,VALID,0.0,VALID,0.0,VALID,12.212,
7/30/17,7:30:02 AM,VALID,912.445,VALID,912.5,VALID,912.4,VALID,11.09,VALID,11.2,VALID,11.0,VALID,91.705,VALID,92.3,VALID,90.9,VALID,0.01,VALID,0.037,VALID,0.0,VALID,4.722,VALID,4.722,VALID,4.722,VALID,17.413,VALID,17.425,VALID,17.405,VALID,8.147,VALID,8.171,VALID,8.099,VALID,15.77,VALID,15.8,VALID,15.7,VALID,15.1,VALID,15.1,VALID,15.1,VALID,14.9,VALID,14.9,VALID,14.9,VALID,471.008,VALID,473.633,VALID,466.919,VALID,90.0,VALID,25.0,VALID,200.0,VALID,0.571,VALID,1.203,VALID,0.0,VALID,0.0,VALID,12.194,
7/30/17,7:40:02 AM,VALID,912.557,VALID,912.6,VALID,912.5,VALID,11.021,VALID,11.1,VALID,11.0,VALID,91.95,VALID,92.4,VALID,91.7,VALID,0.043,VALID,0.088,VALID,0.0,VALID,4.725,VALID,4.748,VALID,4.722,VALID,17.413,VALID,17.445,VALID,17.405,VALID,8.144,VALID,8.195,VALID,8.123,VALID,15.72,VALID,15.8,VALID,15.7,VALID,15.1,VALID,15.1,VALID,15.1,VALID,14.89,VALID,14.9,VALID,14.8,VALID,473.755,VALID,474.243,VALID,473.633,VALID,44.0,VALID,316.0,VALID,151.0,VALID,0.374,VALID,1.5,VALID,0.0,VALID,0.0,VALID,12.195,
7/30/17,7:50:02 AM,VALID,912.725,VALID,912.8,VALID,912.7,VALID,11.375,VALID,11.4,VALID,11.3,VALID,92.175,VALID,92.3,VALID,92.0,VALID,0.291,VALID,0.503,VALID,0.114,VALID,4.722,VALID,4.722,VALID,4.722,VALID,17.425,VALID,17.445,VALID,17.405,VALID,8.144,VALID,8.171,VALID,8.123,VALID,15.7,VALID,15.7,VALID,15.7,VALID,15.1,VALID,15.1,VALID,15.1,VALID,14.89,VALID,14.9,VALID,14.8,VALID,473.511,VALID,474.243,VALID,473.022,VALID,328.0,VALID,347.0,VALID,227.0,VALID,0.77,VALID,1.203,VALID,0.203,VALID,0.0,VALID,12.203,
7/30/17,8:00:02 AM,VALID,912.792,VALID,912.8,VALID,912.7,VALID,11.417,VALID,11.5,VALID,11.3,VALID,91.592,VALID,91.8,VALID,91.2,VALID,1.189,VALID,2.028,VALID,0.596,VALID,4.722,VALID,4.722,VALID,4.722,VALID,17.412,VALID,17.425,VALID,17.405,VALID,8.144,VALID,8.171,VALID,8.099,VALID,15.7,VALID,15.7,VALID,15.7,VALID,15.1,VALID,15.1,VALID,15.1,VALID,14.89,VALID,14.9,VALID,14.8,VALID,472.9,VALID,473.633,VALID,472.412,VALID,26.0,VALID,352.0,VALID,83.0,VALID,0.646,VALID,1.297,VALID,0.102,VALID,0.0,VALID,12.203,
7/30/17,8:10:02 AM,VALID,912.918,VALID,913.0,VALID,912.8,VALID,11.527,VALID,11.6,VALID,11.5,VALID,90.991,VALID,91.3,VALID,90.7,VALID,3.675,VALID,6.09,VALID,2.343,VALID,4.722,VALID,4.722,VALID,4.722,VALID,17.407,VALID,17.425,VALID,17.385,VALID,8.147,VALID,8.171,VALID,8.123,VALID,15.7,VALID,15.7,VALID,15.7,VALID,15.1,VALID,15.1,VALID,15.1,VALID,14.9,VALID,14.9,VALID,14.9,VALID,471.191,VALID,472.412,VALID,469.971,VALID,78.0,VALID,88.0,VALID,334.0,VALID,0.58,VALID,1.898,VALID,0.102,VALID,0.0,VALID,12.207,
7/30/17,8:20:02 AM,VALID,913.057,VALID,913.1,VALID,913.0,VALID,11.698,VALID,11.7,VALID,11.6,VALID,90.653,VALID,90.9,VALID,90.4,VALID,8.677,VALID,10.353,VALID,6.386,VALID,4.728,VALID,4.748,VALID,4.722,VALID,17.4,VALID,17.405,VALID,17.385,VALID,8.125,VALID,8.171,VALID,8.099,VALID,15.7,VALID,15.7,VALID,15.7,VALID,15.1,VALID,15.1,VALID,15.1,VALID,14.87,VALID,14.9,VALID,14.8,VALID,468.445,VALID,469.36,VALID,467.529,VALID,333.0,VALID,297.0,VALID,224.0,VALID,0.391,VALID,1.0,VALID,0.0,VALID,0.0,VALID,12.23,
7/30/17,8:30:02 AM,VALID,913.157,VALID,913.2,VALID,913.1,VALID,11.642,VALID,11.7,VALID,11.6,VALID,90.44,VALID,90.7,VALID,90.2,VALID,15.838,VALID,19.562,VALID,11.708,VALID,4.724,VALID,4.748,VALID,4.722,VALID,17.393,VALID,17.405,VALID,17.385,VALID,8.132,VALID,8.171,VALID,8.075,VALID,15.7,VALID,15.7,VALID,15.7,VALID,15.1,VALID,15.1,VALID,15.1,VALID,14.9,VALID,14.9,VALID,14.9,VALID,464.844,VALID,466.919,VALID,462.036,VALID,208.0,VALID,216.0,VALID,92.0,VALID,0.254,VALID,0.797,VALID,0.0,VALID,0.0,VALID,12.277,
7/30/17,8:40:02 AM,VALID,913.28,VALID,913.3,VALID,913.2,VALID,11.7,VALID,11.7,VALID,11.7,VALID,90.403,VALID,90.6,VALID,89.7,VALID,25.105,VALID,31.855,VALID,20.624,VALID,4.722,VALID,4.722,VALID,4.722,VALID,17.393,VALID,17.405,VALID,17.385,VALID,8.125,VALID,8.147,VALID,8.099,VALID,15.7,VALID,15.7,VALID,15.7,VALID,15.1,VALID,15.1,VALID,15.1,VALID,14.88,VALID,14.9,VALID,14.8,VALID,459.534,VALID,461.426,VALID,457.764,VALID,318.0,VALID,3.0,VALID,100.0,VALID,0.495,VALID,2.102,VALID,0.0,VALID,0.0,VALID,12.355,
7/30/17,8:50:02 AM,VALID,913.378,VALID,913.4,VALID,913.3,VALID,11.7,VALID,11.7,VALID,11.7,VALID,90.395,VALID,90.7,VALID,90.1,VALID,36.018,VALID,48.545,VALID,27.831,VALID,4.758,VALID,4.849,VALID,4.722,VALID,17.394,VALID,17.405,VALID,17.385,VALID,8.137,VALID,8.147,VALID,8.123,VALID,15.7,VALID,15.7,VALID,15.7,VALID,15.11,VALID,15.2,VALID,15.1,VALID,14.89,VALID,14.9,VALID,14.8,VALID,455.566,VALID,457.153,VALID,453.491,VALID,355.0,VALID,360.0,VALID,44.0,VALID,0.836,VALID,2.203,VALID,0.102,VALID,0.0,VALID,12.479,
7/30/17,9:00:02 AM,VALID,913.488,VALID,913.5,VALID,913.4,VALID,11.833,VALID,11.9,VALID,11.7,VALID,90.122,VALID,90.4,VALID,90.0,VALID,43.783,VALID,54.412,VALID,32.588,VALID,4.735,VALID,4.748,VALID,4.722,VALID,17.405,VALID,17.425,VALID,17.385,VALID,8.125,VALID,8.147,VALID,8.099,VALID,15.68,VALID,15.7,VALID,15.6,VALID,15.1,VALID,15.1,VALID,15.1,VALID,14.88,VALID,14.9,VALID,14.8,VALID,449.524,VALID,452.271,VALID,446.167,VALID,334.0,VALID,354.0,VALID,6.0,VALID,0.823,VALID,1.898,VALID,0.203,VALID,0.0,VALID,12.64,
7/30/17,9:10:02 AM,VALID,913.602,VALID,913.7,VALID,913.5,VALID,11.965,VALID,12.0,VALID,11.9,VALID,89.922,VALID,90.1,VALID,89.5,VALID,58.794,VALID,67.522,VALID,49.656,VALID,4.735,VALID,4.748,VALID,4.722,VALID,17.399,VALID,17.425,VALID,17.385,VALID,8.118,VALID,8.147,VALID,8.099,VALID,15.62,VALID,15.7,VALID,15.6,VALID,15.12,VALID,15.2,VALID,15.1,VALID,14.9,VALID,15.0,VALID,14.8,VALID,439.636,VALID,444.336,VALID,434.57,VALID,325.0,VALID,325.0,VALID,72.0,VALID,0.88,VALID,1.898,VALID,0.102,VALID,0.0,VALID,12.855,
7/30/17,9:20:02 AM,VALID,913.747,VALID,913.8,VALID,913.6,VALID,12.142,VALID,12.2,VALID,12.0,VALID,89.377,VALID,89.7,VALID,89.0,VALID,83.836,VALID,91.242,VALID,73.303,VALID,4.742,VALID,4.748,VALID,4.722,VALID,17.422,VALID,17.425,VALID,17.405,VALID,8.154,VALID,8.171,VALID,8.147,VALID,15.6,VALID,15.6,VALID,15.6,VALID,15.1,VALID,15.1,VALID,15.1,VALID,14.89,VALID,14.9,VALID,14.8,VALID,428.284,VALID,433.96,VALID,421.753,VALID,337.0,VALID,349.0,VALID,346.0,VALID,0.752,VALID,1.398,VALID,0.102,VALID,0.0,VALID,13.105,
7/30/17,9:30:02 AM,VALID,913.843,VALID,913.9,VALID,913.8,VALID,12.292,VALID,12.4,VALID,12.2,VALID,88.655,VALID,89.0,VALID,88.3,VALID,91.924,VALID,107.773,VALID,81.819,VALID,4.745,VALID,4.773,VALID,4.722,VALID,17.399,VALID,17.405,VALID,17.385,VALID,8.142,VALID,8.171,VALID,8.123,VALID,15.6,VALID,15.6,VALID,15.6,VALID,15.1,VALID,15.1,VALID,15.1,VALID,14.9,VALID,14.9,VALID,14.9,VALID,409.973,VALID,419.922,VALID,400.391,VALID,326.0,VALID,347.0,VALID,321.0,VALID,1.23,VALID,2.203,VALID,0.602,VALID,0.0,VALID,13.197,
7/30/17,9:40:02 AM,VALID,913.927,VALID,914.0,VALID,913.9,VALID,12.442,VALID,12.5,VALID,12.4,VALID,88.442,VALID,88.8,VALID,88.1,VALID,136.242,VALID,148.743,VALID,121.894,VALID,4.748,VALID,4.748,VALID,4.748,VALID,17.396,VALID,17.405,VALID,17.385,VALID,8.135,VALID,8.171,VALID,8.099,VALID,15.6,VALID,15.6,VALID,15.6,VALID,15.1,VALID,15.1,VALID,15.1,VALID,14.89,VALID,14.9,VALID,14.8,VALID,385.864,VALID,397.339,VALID,374.146,VALID,327.0,VALID,319.0,VALID,350.0,VALID,1.006,VALID,1.797,VALID,0.297,VALID,0.0,VALID,13.422,
7/30/17,9:50:02 AM,VALID,914.037,VALID,914.1,VALID,914.0,VALID,12.655,VALID,12.7,VALID,12.5,VALID,88.063,VALID,88.9,VALID,87.5,VALID,136.096,VALID,141.48,VALID,128.286,VALID,4.748,VALID,4.748,VALID,4.748,VALID,17.387,VALID,17.405,VALID,17.365,VALID,8.151,VALID,8.171,VALID,8.123,VALID,15.6,VALID,15.6,VALID,15.6,VALID,15.1,VALID,15.1,VALID,15.1,VALID,14.89,VALID,14.9,VALID,14.8,VALID,359.802,VALID,371.094,VALID,349.121,VALID,321.0,VALID,316.0,VALID,283.0,VALID,1.282,VALID,2.5,VALID,0.5,VALID,0.0,VALID,13.503,
7/30/17,10:00:02 AM,VALID,914.145,VALID,914.2,VALID,914.1,VALID,12.753,VALID,12.9,VALID,12.7,VALID,87.037,VALID,88.1,VALID,84.6,VALID,234.449,VALID,446.65,VALID,149.601,VALID,4.755,VALID,4.773,VALID,4.748,VALID,17.387,VALID,17.405,VALID,17.365,VALID,8.127,VALID,8.171,VALID,8.099,VALID,15.6,VALID,15.6,VALID,15.6,VALID,15.11,VALID,15.2,VALID,15.1,VALID,14.9,VALID,15.0,VALID,14.8,VALID,335.693,VALID,347.29,VALID,328.369,VALID,337.0,VALID,26.0,VALID,355.0,VALID,1.401,VALID,3.0,VALID,0.102,VALID,0.0,VALID,13.5,
7/30/17,10:10:02 AM,VALID,914.248,VALID,914.3,VALID,914.2,VALID,12.935,VALID,13.0,VALID,12.9,VALID,85.297,VALID,87.1,VALID,83.4,VALID,162.449,VALID,195.002,VALID,126.74,VALID,4.755,VALID,4.773,VALID,4.748,VALID,17.412,VALID,17.485,VALID,17.365,VALID,8.13,VALID,8.171,VALID,8.099,VALID,15.6,VALID,15.6,VALID,15.6,VALID,15.1,VALID,15.1,VALID,15.1,VALID,14.87,VALID,14.9,VALID,14.8,VALID,328.43,VALID,328.979,VALID,328.369,VALID,337.0,VALID,323.0,VALID,328.0,VALID,1.697,VALID,3.398,VALID,0.102,VALID,0.0,VALID,13.498,
7/30/17,10:20:02 AM,VALID,914.378,VALID,914.5,VALID,914.3,VALID,13.008,VALID,13.2,VALID,12.9,VALID,84.917,VALID,86.1,VALID,83.2,VALID,250.799,VALID,578.869,VALID,141.239,VALID,4.799,VALID,4.849,VALID,4.748,VALID,17.358,VALID,17.405,VALID,17.324,VALID,8.156,VALID,8.171,VALID,8.099,VALID,15.6,VALID,15.6,VALID,15.6,VALID,15.11,VALID,15.2,VALID,15.1,VALID,14.89,VALID,14.9,VALID,14.8,VALID,328.064,VALID,328.369,VALID,327.148,VALID,335.0,VALID,335.0,VALID,360.0,VALID,1.649,VALID,3.297,VALID,0.398,VALID,0.0,VALID,13.525,
7/30/17,10:30:03 AM,VALID,914.405,VALID,914.5,VALID,914.4,VALID,13.417,VALID,13.7,VALID,13.2,VALID,82.438,VALID,83.8,VALID,81.2,VALID,321.712,VALID,540.716,VALID,146.727,VALID,4.807,VALID,4.849,VALID,4.748,VALID,17.316,VALID,17.344,VALID,17.304,VALID,8.137,VALID,8.171,VALID,8.099,VALID,15.6,VALID,15.6,VALID,15.6,VALID,15.1,VALID,15.1,VALID,15.1,VALID,14.9,VALID,14.9,VALID,14.9,VALID,326.66,VALID,327.148,VALID,325.317,VALID,341.0,VALID,10.0,VALID,355.0,VALID,1.229,VALID,3.203,VALID,0.203,VALID,0.0,VALID,13.53,
7/30/17,10:40:03 AM,VALID,914.447,VALID,914.5,VALID,914.4,VALID,13.643,VALID,14.1,VALID,13.5,VALID,81.253,VALID,82.5,VALID,79.5,VALID,387.233,VALID,547.622,VALID,123.221,VALID,4.75,VALID,4.773,VALID,4.748,VALID,17.308,VALID,17.324,VALID,17.284,VALID,8.147,VALID,8.171,VALID,8.123,VALID,15.59,VALID,15.6,VALID,15.5,VALID,15.1,VALID,15.1,VALID,15.1,VALID,14.89,VALID,14.9,VALID,14.8,VALID,326.477,VALID,327.148,VALID,325.317,VALID,348.0,VALID,312.0,VALID,210.0,VALID,1.274,VALID,2.398,VALID,0.102,VALID,0.0,VALID,13.534,
7/30/17,10:50:03 AM,VALID,914.522,VALID,914.6,VALID,914.5,VALID,14.147,VALID,14.3,VALID,14.0,VALID,78.908,VALID,80.1,VALID,77.6,VALID,361.542,VALID,557.525,VALID,99.271,VALID,4.747,VALID,4.773,VALID,4.722,VALID,17.296,VALID,17.304,VALID,17.284,VALID,8.151,VALID,8.195,VALID,8.123,VALID,15.58,VALID,15.6,VALID,15.5,VALID,15.1,VALID,15.1,VALID,15.1,VALID,14.89,VALID,14.9,VALID,14.8,VALID,325.745,VALID,326.538,VALID,324.707,VALID,333.0,VALID,28.0,VALID,74.0,VALID,1.123,VALID,2.602,VALID,0.102,VALID,0.0,VALID,13.536,
7/30/17,11:00:03 AM,VALID,914.537,VALID,914.6,VALID,914.5,VALID,14.582,VALID,15.0,VALID,14.1,VALID,77.675,VALID,79.5,VALID,76.0,VALID,550.121,VALID,578.451,VALID,536.699,VALID,4.739,VALID,4.849,VALID,4.722,VALID,17.286,VALID,17.304,VALID,17.284,VALID,8.156,VALID,8.171,VALID,8.123,VALID,15.55,VALID,15.6,VALID,15.5,VALID,15.1,VALID,15.1,VALID,15.1,VALID,14.88,VALID,14.9,VALID,14.8,VALID,325.378,VALID,325.928,VALID,325.317,VALID,307.0,VALID,304.0,VALID,36.0,VALID,1.024,VALID,2.203,VALID,0.102,VALID,0.0,VALID,13.537,
7/30/17,11:10:03 AM,VALID,914.572,VALID,914.6,VALID,914.5,VALID,14.995,VALID,15.0,VALID,14.9,VALID,75.035,VALID,76.3,VALID,74.4,VALID,458.368,VALID,580.049,VALID,262.926,VALID,4.783,VALID,4.849,VALID,4.722,VALID,17.288,VALID,17.304,VALID,17.264,VALID,8.144,VALID,8.171,VALID,8.099,VALID,15.5,VALID,15.5,VALID,15.5,VALID,15.13,VALID,15.2,VALID,15.1,VALID,14.9,VALID,14.9,VALID,14.9,VALID,324.951,VALID,325.317,VALID,324.097,VALID,352.0,VALID,356.0,VALID,205.0,VALID,1.433,VALID,3.203,VALID,0.203,VALID,0.0,VALID,13.535,
7/30/17,11:20:03 AM,VALID,914.565,VALID,914.6,VALID,914.5,VALID,15.175,VALID,15.5,VALID,14.9,VALID,73.92,VALID,76.3,VALID,70.9,VALID,558.735,VALID,583.063,VALID,458.777,VALID,4.728,VALID,4.823,VALID,4.697,VALID,17.282,VALID,17.304,VALID,17.264,VALID,8.137,VALID,8.171,VALID,8.099,VALID,15.5,VALID,15.5,VALID,15.5,VALID,15.14,VALID,15.2,VALID,15.1,VALID,14.9,VALID,14.9,VALID,14.9,VALID,325.195,VALID,325.317,VALID,324.707,VALID,306.0,VALID,283.0,VALID,14.0,VALID,1.468,VALID,3.0,VALID,0.102,VALID,0.0,VALID,13.513,
7/30/17,11:30:03 AM,VALID,914.6,VALID,914.6,VALID,914.6,VALID,15.4,VALID,15.4,VALID,15.4,VALID,72.552,VALID,74.2,VALID,71.1,VALID,584.311,VALID,595.191,VALID,579.781,VALID,4.707,VALID,4.722,VALID,4.697,VALID,17.278,VALID,17.284,VALID,17.264,VALID,8.137,VALID,8.171,VALID,8.099,VALID,15.5,VALID,15.5,VALID,15.5,VALID,15.11,VALID,15.2,VALID,15.1,VALID,14.9,VALID,14.9,VALID,14.9,VALID,325.073,VALID,325.317,VALID,324.707,VALID,309.0,VALID,299.0,VALID,65.0,VALID,1.983,VALID,3.102,VALID,0.203,VALID,0.0,VALID,13.52,
7/30/17,11:40:03 AM,VALID,914.588,VALID,914.6,VALID,914.5,VALID,15.778,VALID,16.1,VALID,15.4,VALID,71.33,VALID,74.0,VALID,69.2,VALID,581.624,VALID,644.985,VALID,324.909,VALID,4.702,VALID,4.722,VALID,4.697,VALID,17.264,VALID,17.284,VALID,17.264,VALID,8.137,VALID,8.147,VALID,8.099,VALID,15.5,VALID,15.5,VALID,15.5,VALID,15.13,VALID,15.2,VALID,15.1,VALID,14.89,VALID,14.9,VALID,14.8,VALID,325.073,VALID,325.317,VALID,324.707,VALID,357.0,VALID,51.0,VALID,26.0,VALID,1.331,VALID,4.398,VALID,0.203,VALID,0.0,VALID,13.521,
7/30/17,11:50:03 AM,VALID,914.505,VALID,914.6,VALID,914.4,VALID,16.08,VALID,16.3,VALID,15.9,VALID,69.853,VALID,71.0,VALID,68.3,VALID,618.064,VALID,627.021,VALID,609.994,VALID,4.697,VALID,4.697,VALID,4.697,VALID,17.27,VALID,17.284,VALID,17.264,VALID,8.13,VALID,8.171,VALID,8.123,VALID,15.5,VALID,15.5,VALID,15.5,VALID,15.11,VALID,15.2,VALID,15.1,VALID,14.89,VALID,14.9,VALID,14.8,VALID,325.195,VALID,325.317,VALID,324.707,VALID,14.0,VALID,353.0,VALID,40.0,VALID,1.393,VALID,3.102,VALID,0.203,VALID,0.0,VALID,13.517,
7/30/17,12:00:03 PM,VALID,914.402,VALID,914.5,VALID,914.3,VALID,16.31,VALID,16.7,VALID,16.0,VALID,69.05,VALID,71.1,VALID,67.3,VALID,622.589,VALID,640.876,VALID,524.141,VALID,4.697,VALID,4.697,VALID,4.697,VALID,17.266,VALID,17.284,VALID,17.264,VALID,8.13,VALID,8.171,VALID,8.099,VALID,15.5,VALID,15.5,VALID,15.5,VALID,15.13,VALID,15.2,VALID,15.1,VALID,14.9,VALID,14.9,VALID,14.9,VALID,325.317,VALID,325.317,VALID,325.317,VALID,3.0,VALID,26.0,VALID,217.0,VALID,1.462,VALID,3.203,VALID,0.203,VALID,0.0,VALID,13.511,
7/30/17,12:10:03 PM,VALID,914.292,VALID,914.4,VALID,914.2,VALID,16.925,VALID,17.1,VALID,16.7,VALID,66.105,VALID,68.7,VALID,63.7,VALID,638.755,VALID,656.597,VALID,528.843,VALID,4.691,VALID,4.697,VALID,4.672,VALID,17.267,VALID,17.284,VALID,17.264,VALID,8.127,VALID,8.171,VALID,8.099,VALID,15.5,VALID,15.5,VALID,15.5,VALID,15.17,VALID,15.2,VALID,15.1,VALID,14.9,VALID,14.9,VALID,14.9,VALID,325.195,VALID,325.317,VALID,324.707,VALID,12.0,VALID,32.0,VALID,359.0,VALID,1.328,VALID,3.102,VALID,0.203,VALID,0.0,VALID,13.505,
7/30/17,12:20:03 PM,VALID,914.175,VALID,914.2,VALID,914.1,VALID,16.885,VALID,17.3,VALID,16.6,VALID,64.982,VALID,66.9,VALID,62.8,VALID,665.93,VALID,670.957,VALID,659.843,VALID,4.682,VALID,4.697,VALID,4.672,VALID,17.258,VALID,17.264,VALID,17.244,VALID,8.123,VALID,8.147,VALID,8.099,VALID,15.5,VALID,15.5,VALID,15.5,VALID,15.13,VALID,15.2,VALID,15.1,VALID,14.87,VALID,14.9,VALID,14.8,VALID,325.256,VALID,325.928,VALID,324.707,VALID,11.0,VALID,52.0,VALID,305.0,VALID,1.305,VALID,2.797,VALID,0.102,VALID,0.0,VALID,13.498,
7/30/17,12:30:03 PM,VALID,914.067,VALID,914.1,VALID,914.0,VALID,17.353,VALID,17.4,VALID,17.3,VALID,63.688,VALID,65.6,VALID,62.0,VALID,675.094,VALID,677.948,VALID,672.175,VALID,4.666,VALID,4.697,VALID,4.646,VALID,17.264,VALID,17.264,VALID,17.264,VALID,8.127,VALID,8.171,VALID,8.099,VALID,15.49,VALID,15.5,VALID,15.4,VALID,15.16,VALID,15.2,VALID,15.1,VALID,14.9,VALID,14.9,VALID,14.9,VALID,325.256,VALID,325.317,VALID,324.707,VALID,330.0,VALID,341.0,VALID,346.0,VALID,2.033,VALID,3.5,VALID,0.297,VALID,0.0,VALID,13.483,
7/30/17,12:40:02 PM,VALID,913.978,VALID,914.0,VALID,913.9,VALID,17.368,VALID,17.5,VALID,17.3,VALID,62.259,VALID,64.0,VALID,61.1,VALID,682.525,VALID,687.959,VALID,677.562,VALID,4.646,VALID,4.646,VALID,4.646,VALID,17.259,VALID,17.264,VALID,17.244,VALID,8.123,VALID,8.147,VALID,8.099,VALID,15.46,VALID,15.5,VALID,15.4,VALID,15.13,VALID,15.2,VALID,15.1,VALID,14.89,VALID,14.9,VALID,14.8,VALID,325.317,VALID,325.317,VALID,325.317,VALID,242.0,VALID,327.0,VALID,306.0,VALID,1.207,VALID,2.102,VALID,0.102,VALID,0.0,VALID,13.469,
7/30/17,12:50:02 PM,VALID,913.867,VALID,913.9,VALID,913.8,VALID,17.767,VALID,18.0,VALID,17.6,VALID,61.1,VALID,61.8,VALID,59.9,VALID,691.209,VALID,696.211,VALID,687.655,VALID,4.628,VALID,4.646,VALID,4.621,VALID,17.256,VALID,17.264,VALID,17.244,VALID,8.135,VALID,8.171,VALID,8.099,VALID,15.46,VALID,15.5,VALID,15.4,VALID,15.15,VALID,15.2,VALID,15.1,VALID,14.9,VALID,14.9,VALID,14.9,VALID,325.195,VALID,325.317,VALID,324.707,VALID,356.0,VALID,327.0,VALID,219.0,VALID,1.465,VALID,2.398,VALID,0.203,VALID,0.0,VALID,13.479,
7/30/17,1:00:02 PM,VALID,913.645,VALID,913.7,VALID,913.6,VALID,17.973,VALID,18.1,VALID,17.8,VALID,61.009,VALID,61.7,VALID,60.3,VALID,697.855,VALID,700.248,VALID,695.39,VALID,4.61,VALID,4.646,VALID,4.595,VALID,17.255,VALID,17.264,VALID,17.244,VALID,8.116,VALID,8.147,VALID,8.099,VALID,15.44,VALID,15.5,VALID,15.4,VALID,15.13,VALID,15.2,VALID,15.1,VALID,14.88,VALID,14.9,VALID,14.8,VALID,325.195,VALID,325.317,VALID,324.097,VALID,15.0,VALID,336.0,VALID,115.0,VALID,1.107,VALID,2.703,VALID,0.297,VALID,0.0,VALID,13.477,
7/30/17,1:10:02 PM,VALID,913.475,VALID,913.6,VALID,913.4,VALID,18.517,VALID,18.9,VALID,18.1,VALID,59.0,VALID,60.4,VALID,57.2,VALID,702.715,VALID,706.681,VALID,699.214,VALID,4.598,VALID,4.621,VALID,4.595,VALID,17.246,VALID,17.264,VALID,17.244,VALID,8.118,VALID,8.123,VALID,8.099,VALID,15.44,VALID,15.5,VALID,15.4,VALID,15.15,VALID,15.2,VALID,15.1,VALID,14.89,VALID,14.9,VALID,14.8,VALID,325.317,VALID,325.317,VALID,325.317,VALID,339.0,VALID,278.0,VALID,343.0,VALID,1.916,VALID,3.703,VALID,0.102,VALID,0.0,VALID,13.472,
7/30/17,1:20:02 PM,VALID,913.242,VALID,913.4,VALID,913.2,VALID,18.679,VALID,18.9,VALID,18.5,VALID,55.918,VALID,57.4,VALID,53.9,VALID,705.379,VALID,708.016,VALID,702.322,VALID,4.593,VALID,4.595,VALID,4.57,VALID,17.238,VALID,17.244,VALID,17.223,VALID,8.108,VALID,8.147,VALID,8.075,VALID,15.44,VALID,15.5,VALID,15.4,VALID,15.19,VALID,15.2,VALID,15.1,VALID,14.88,VALID,14.9,VALID,14.8,VALID,325.317,VALID,325.317,VALID,325.317,VALID,271.0,VALID,271.0,VALID,247.0,VALID,2.693,VALID,4.297,VALID,0.398,VALID,0.0,VALID,13.466,
7/30/17,1:30:02 PM,VALID,913.123,VALID,913.2,VALID,913.0,VALID,18.75,VALID,18.9,VALID,18.5,VALID,55.485,VALID,59.2,VALID,51.9,VALID,708.438,VALID,713.402,VALID,705.957,VALID,4.585,VALID,4.595,VALID,4.57,VALID,17.242,VALID,17.264,VALID,17.223,VALID,8.108,VALID,8.147,VALID,8.075,VALID,15.43,VALID,15.5,VALID,15.4,VALID,15.14,VALID,15.2,VALID,15.1,VALID,14.9,VALID,14.9,VALID,14.9,VALID,325.256,VALID,325.317,VALID,324.707,VALID,288.0,VALID,282.0,VALID,11.0,VALID,2.847,VALID,5.0,VALID,0.398,VALID,0.0,VALID,13.461,
7/30/17,1:40:02 PM,VALID,912.937,VALID,913.0,VALID,912.8,VALID,18.875,VALID,19.0,VALID,18.7,VALID,52.953,VALID,54.7,VALID,51.2,VALID,712.22,VALID,716.387,VALID,709.155,VALID,4.577,VALID,4.595,VALID,4.57,VALID,17.243,VALID,17.264,VALID,17.223,VALID,8.092,VALID,8.123,VALID,8.051,VALID,15.45,VALID,15.5,VALID,15.4,VALID,15.17,VALID,15.2,VALID,15.1,VALID,14.9,VALID,14.9,VALID,14.9,VALID,325.317,VALID,325.317,VALID,325.317,VALID,291.0,VALID,300.0,VALID,359.0,VALID,2.808,VALID,4.703,VALID,0.898,VALID,0.0,VALID,13.458,
7/30/17,1:50:02 PM,VALID,912.73,VALID,912.8,VALID,912.6,VALID,19.033,VALID,19.2,VALID,18.9,VALID,52.81,VALID,55.7,VALID,51.8,VALID,713.703,VALID,728.778,VALID,709.326,VALID,4.57,VALID,4.57,VALID,4.57,VALID,17.24,VALID,17.244,VALID,17.223,VALID,8.101,VALID,8.123,VALID,8.051,VALID,15.5,VALID,15.5,VALID,15.5,VALID,15.18,VALID,15.2,VALID,15.1,VALID,14.9,VALID,14.9,VALID,14.9,VALID,325.256,VALID,325.317,VALID,324.707,VALID,282.0,VALID,298.0,VALID,312.0,VALID,2.745,VALID,4.5,VALID,1.102,VALID,0.0,VALID,13.441,
7/30/17,2:00:02 PM,VALID,912.542,VALID,912.6,VALID,912.4,VALID,19.202,VALID,19.3,VALID,19.0,VALID,52.432,VALID,54.8,VALID,50.3,VALID,708.807,VALID,713.79,VALID,704.492,VALID,4.57,VALID,4.57,VALID,4.57,VALID,17.235,VALID,17.244,VALID,17.223,VALID,8.084,VALID,8.099,VALID,8.051,VALID,15.5,VALID,15.5,VALID,15.5,VALID,15.15,VALID,15.2,VALID,15.1,VALID,14.9,VALID,14.9,VALID,14.9,VALID,325.195,VALID,325.317,VALID,324.707,VALID,312.0,VALID,328.0,VALID,276.0,VALID,3.012,VALID,4.602,VALID,1.297,VALID,0.0,VALID,13.44,
7/30/17,2:10:02 PM,VALID,912.338,VALID,912.4,VALID,912.2,VALID,19.305,VALID,19.6,VALID,19.1,VALID,51.905,VALID,53.5,VALID,49.0,VALID,655.386,VALID,729.805,VALID,153.389,VALID,4.59,VALID,4.672,VALID,4.57,VALID,17.234,VALID,17.244,VALID,17.223,VALID,8.087,VALID,8.123,VALID,8.051,VALID,15.5,VALID,15.5,VALID,15.5,VALID,15.18,VALID,15.2,VALID,15.1,VALID,14.89,VALID,14.9,VALID,14.8,VALID,325.195,VALID,325.317,VALID,324.707,VALID,297.0,VALID,290.0,VALID,299.0,VALID,3.474,VALID,6.602,VALID,1.203,VALID,0.0,VALID,13.449,
7/30/17,2:20:02 PM,VALID,912.208,VALID,912.3,VALID,912.1,VALID,19.403,VALID,19.6,VALID,19.3,VALID,50.325,VALID,52.9,VALID,47.7,VALID,704.711,VALID,708.825,VALID,699.63,VALID,4.562,VALID,4.621,VALID,4.545,VALID,17.227,VALID,17.244,VALID,17.223,VALID,8.089,VALID,8.099,VALID,8.051,VALID,15.5,VALID,15.5,VALID,15.5,VALID,15.14,VALID,15.2,VALID,15.1,VALID,14.9,VALID,14.9,VALID,14.9,VALID,324.829,VALID,325.317,VALID,324.707,VALID,287.0,VALID,297.0,VALID,288.0,VALID,3.898,VALID,6.297,VALID,1.703,VALID,0.0,VALID,13.449,
7/30/17,2:30:02 PM,VALID,912.005,VALID,912.1,VALID,911.9,VALID,19.442,VALID,19.5,VALID,19.4,VALID,49.887,VALID,51.6,VALID,48.4,VALID,698.12,VALID,702.295,VALID,693.817,VALID,4.55,VALID,4.57,VALID,4.545,VALID,17.223,VALID,17.244,VALID,17.203,VALID,8.082,VALID,8.099,VALID,8.027,VALID,15.5,VALID,15.5,VALID,15.5,VALID,15.18,VALID,15.2,VALID,15.1,VALID,14.9,VALID,14.9,VALID,14.9,VALID,324.829,VALID,325.317,VALID,324.707,VALID,293.0,VALID,321.0,VALID,297.0,VALID,4.706,VALID,6.797,VALID,2.398,VALID,0.0,VALID,13.447,
7/30/17,2:40:02 PM,VALID,911.848,VALID,912.0,VALID,911.7,VALID,19.527,VALID,19.6,VALID,19.4,VALID,49.863,VALID,51.0,VALID,48.3,VALID,715.579,VALID,733.005,VALID,700.068,VALID,4.545,VALID,4.545,VALID,4.545,VALID,17.221,VALID,17.223,VALID,17.203,VALID,8.07,VALID,8.099,VALID,8.051,VALID,15.5,VALID,15.5,VALID,15.5,VALID,15.18,VALID,15.2,VALID,15.1,VALID,14.89,VALID,14.9,VALID,14.8,VALID,324.707,VALID,324.707,VALID,324.707,VALID,319.0,VALID,311.0,VALID,314.0,VALID,4.259,VALID,5.898,VALID,2.297,VALID,0.0,VALID,13.446,
7/30/17,2:50:02 PM,VALID,911.65,VALID,911.7,VALID,911.6,VALID,19.573,VALID,19.7,VALID,19.4,VALID,50.435,VALID,52.9,VALID,48.6,VALID,333.148,VALID,739.126,VALID,122.938,VALID,4.534,VALID,4.545,VALID,4.519,VALID,17.213,VALID,17.223,VALID,17.203,VALID,8.08,VALID,8.099,VALID,8.051,VALID,15.5,VALID,15.5,VALID,15.5,VALID,15.18,VALID,15.2,VALID,15.1,VALID,14.9,VALID,14.9,VALID,14.9,VALID,324.707,VALID,325.317,VALID,324.097,VALID,326.0,VALID,317.0,VALID,343.0,VALID,3.703,VALID,6.398,VALID,1.5,VALID,0.0,VALID,13.446,
7/30/17,3:00:02 PM,VALID,911.508,VALID,911.6,VALID,911.4,VALID,19.74,VALID,20.2,VALID,19.5,VALID,49.783,VALID,51.7,VALID,47.2,VALID,713.6,VALID,758.074,VALID,505.462,VALID,4.527,VALID,4.545,VALID,4.519,VALID,17.209,VALID,17.223,VALID,17.183,VALID,8.058,VALID,8.099,VALID,8.027,VALID,15.56,VALID,15.6,VALID,15.5,VALID,15.18,VALID,15.2,VALID,15.1,VALID,14.9,VALID,14.9,VALID,14.9,VALID,324.768,VALID,325.317,VALID,324.097,VALID,280.0,VALID,286.0,VALID,353.0,VALID,2.188,VALID,4.5,VALID,0.297,VALID,0.0,VALID,13.445,
7/30/17,3:10:02 PM,VALID,911.333,VALID,911.4,VALID,911.3,VALID,20.165,VALID,20.3,VALID,20.0,VALID,44.322,VALID,48.7,VALID,37.9,VALID,658.138,VALID,754.511,VALID,160.971,VALID,4.506,VALID,4.519,VALID,4.494,VALID,17.217,VALID,17.223,VALID,17.203,VALID,8.06,VALID,8.075,VALID,8.027,VALID,15.6,VALID,15.6,VALID,15.6,VALID,15.17,VALID,15.2,VALID,15.1,VALID,14.89,VALID,14.9,VALID,14.8,VALID,324.219,VALID,324.707,VALID,324.097,VALID,273.0,VALID,267.0,VALID,288.0,VALID,4.189,VALID,7.0,VALID,1.102,VALID,0.0,VALID,13.42,
7/30/17,3:20:02 PM,VALID,911.285,VALID,911.3,VALID,911.2,VALID,19.703,VALID,20.0,VALID,19.5,VALID,47.203,VALID,49.0,VALID,45.1,VALID,291.61,VALID,709.356,VALID,94.777,VALID,4.501,VALID,4.519,VALID,4.494,VALID,17.211,VALID,17.223,VALID,17.203,VALID,8.063,VALID,8.099,VALID,8.051,VALID,15.6,VALID,15.6,VALID,15.6,VALID,15.2,VALID,15.2,VALID,15.2,VALID,14.88,VALID,14.9,VALID,14.8,VALID,324.829,VALID,325.317,VALID,324.097,VALID,268.0,VALID,270.0,VALID,76.0,VALID,2.99,VALID,5.203,VALID,0.297,VALID,0.0,VALID,13.436,
7/30/17,3:30:02 PM,VALID,911.155,VALID,911.3,VALID,911.1,VALID,19.93,VALID,20.1,VALID,19.7,VALID,46.283,VALID,47.8,VALID,43.4,VALID,511.523,VALID,679.427,VALID,133.494,VALID,4.491,VALID,4.494,VALID,4.468,VALID,17.207,VALID,17.223,VALID,17.183,VALID,8.053,VALID,8.075,VALID,8.027,VALID,15.6,VALID,15.6,VALID,15.6,VALID,15.2,VALID,15.2,VALID,15.2,VALID,14.9,VALID,14.9,VALID,14.9,VALID,324.768,VALID,325.317,VALID,324.707,VALID,255.0,VALID,234.0,VALID,255.0,VALID,2.795,VALID,5.602,VALID,0.297,VALID,0.0,VALID,13.444,
7/30/17,3:40:02 PM,VALID,911.017,VALID,911.1,VALID,910.9,VALID,20.192,VALID,20.4,VALID,20.1,VALID,44.915,VALID,46.6,VALID,43.3,VALID,524.028,VALID,642.82,VALID,139.232,VALID,4.479,VALID,4.494,VALID,4.468,VALID,17.205,VALID,17.223,VALID,17.183,VALID,8.053,VALID,8.075,VALID,8.027,VALID,15.6,VALID,15.6,VALID,15.6,VALID,15.19,VALID,15.2,VALID,15.1,VALID,14.9,VALID,14.9,VALID,14.9,VALID,324.524,VALID,324.707,VALID,324.097,VALID,244.0,VALID,232.0,VALID,274.0,VALID,2.465,VALID,4.297,VALID,0.297,VALID,0.0,VALID,13.443,
7/30/17,3:50:02 PM,VALID,910.887,VALID,911.0,VALID,910.8,VALID,20.438,VALID,20.5,VALID,20.3,VALID,46.738,VALID,48.6,VALID,45.5,VALID,580.54,VALID,594.962,VALID,560.067,VALID,4.468,VALID,4.468,VALID,4.468,VALID,17.205,VALID,17.223,VALID,17.203,VALID,8.053,VALID,8.075,VALID,8.027,VALID,15.6,VALID,15.6,VALID,15.6,VALID,15.2,VALID,15.2,VALID,15.2,VALID,14.9,VALID,14.9,VALID,14.9,VALID,324.158,VALID,324.707,VALID,324.097,VALID,249.0,VALID,276.0,VALID,210.0,VALID,2.791,VALID,5.102,VALID,0.703,VALID,0.0,VALID,13.442,
7/30/17,4:00:02 PM,VALID,910.8,VALID,910.8,VALID,910.8,VALID,20.289,VALID,20.4,VALID,20.1,VALID,47.268,VALID,48.3,VALID,46.1,VALID,550.332,VALID,563.953,VALID,536.768,VALID,4.46,VALID,4.468,VALID,4.443,VALID,17.207,VALID,17.223,VALID,17.183,VALID,8.046,VALID,8.075,VALID,8.003,VALID,15.62,VALID,15.7,VALID,15.6,VALID,15.19,VALID,15.2,VALID,15.1,VALID,14.88,VALID,14.9,VALID,14.8,VALID,323.975,VALID,324.097,VALID,323.486,VALID,281.0,VALID,265.0,VALID,310.0,VALID,3.8,VALID,5.797,VALID,1.703,VALID,0.0,VALID,13.441,
7/30/17,4:10:02 PM,VALID,910.725,VALID,910.8,VALID,910.7,VALID,20.3,VALID,20.4,VALID,20.2,VALID,47.09,VALID,48.6,VALID,46.0,VALID,536.71,VALID,542.771,VALID,515.679,VALID,4.446,VALID,4.468,VALID,4.443,VALID,17.204,VALID,17.223,VALID,17.183,VALID,8.036,VALID,8.051,VALID,8.003,VALID,15.7,VALID,15.7,VALID,15.7,VALID,15.2,VALID,15.2,VALID,15.2,VALID,14.89,VALID,14.9,VALID,14.8,VALID,323.547,VALID,324.097,VALID,323.486,VALID,264.0,VALID,240.0,VALID,243.0,VALID,2.606,VALID,4.203,VALID,0.797,VALID,0.0,VALID,13.441,
7/30/17,4:20:02 PM,VALID,910.68,VALID,910.7,VALID,910.6,VALID,20.302,VALID,20.4,VALID,20.2,VALID,48.02,VALID,49.5,VALID,46.2,VALID,482.792,VALID,525.343,VALID,121.53,VALID,4.446,VALID,4.468,VALID,4.443,VALID,17.195,VALID,17.223,VALID,17.163,VALID,8.032,VALID,8.051,VALID,8.003,VALID,15.7,VALID,15.7,VALID,15.7,VALID,15.19,VALID,15.2,VALID,15.1,VALID,14.88,VALID,14.9,VALID,14.8,VALID,323.486,VALID,323.486,VALID,323.486,VALID,278.0,VALID,288.0,VALID,270.0,VALID,2.811,VALID,5.102,VALID,0.797,VALID,0.0,VALID,13.435,
7/30/17,4:30:02 PM,VALID,910.61,VALID,910.7,VALID,910.6,VALID,20.215,VALID,20.3,VALID,20.1,VALID,48.562,VALID,50.2,VALID,47.3,VALID,375.718,VALID,514.571,VALID,118.048,VALID,4.443,VALID,4.443,VALID,4.443,VALID,17.191,VALID,17.203,VALID,17.183,VALID,8.048,VALID,8.075,VALID,8.003,VALID,15.7,VALID,15.7,VALID,15.7,VALID,15.2,VALID,15.2,VALID,15.2,VALID,14.86,VALID,14.9,VALID,14.8,VALID,323.853,VALID,324.097,VALID,323.486,VALID,284.0,VALID,273.0,VALID,312.0,VALID,2.254,VALID,3.898,VALID,0.797,VALID,0.0,VALID,13.42,
7/30/17,4:40:02 PM,VALID,910.523,VALID,910.6,VALID,910.5,VALID,20.56,VALID,20.7,VALID,20.2,VALID,49.049,VALID,49.8,VALID,48.0,VALID,464.407,VALID,500.427,VALID,446.844,VALID,4.44,VALID,4.443,VALID,4.418,VALID,17.189,VALID,17.203,VALID,17.183,VALID,8.032,VALID,8.051,VALID,8.003,VALID,15.7,VALID,15.7,VALID,15.7,VALID,15.2,VALID,15.2,VALID,15.2,VALID,14.9,VALID,14.9,VALID,14.9,VALID,323.12,VALID,323.486,VALID,322.876,VALID,283.0,VALID,281.0,VALID,110.0,VALID,1.753,VALID,4.703,VALID,0.297,VALID,0.0,VALID,13.432,
7/30/17,4:50:02 PM,VALID,910.496,VALID,910.5,VALID,910.4,VALID,20.618,VALID,20.7,VALID,20.5,VALID,48.829,VALID,50.0,VALID,47.8,VALID,418.575,VALID,445.83,VALID,387.36,VALID,4.44,VALID,4.443,VALID,4.418,VALID,17.187,VALID,17.203,VALID,17.163,VALID,8.029,VALID,8.051,VALID,8.003,VALID,15.8,VALID,15.8,VALID,15.8,VALID,15.2,VALID,15.2,VALID,15.2,VALID,14.89,VALID,14.9,VALID,14.8,VALID,323.181,VALID,323.486,VALID,322.876,VALID,247.0,VALID,226.0,VALID,109.0,VALID,1.859,VALID,3.5,VALID,0.297,VALID,0.0,VALID,13.435,
7/30/17,5:00:02 PM,VALID,910.425,VALID,910.5,VALID,910.4,VALID,20.513,VALID,20.7,VALID,20.4,VALID,47.65,VALID,49.7,VALID,46.4,VALID,348.711,VALID,386.348,VALID,210.798,VALID,4.43,VALID,4.443,VALID,4.418,VALID,17.185,VALID,17.203,VALID,17.163,VALID,8.032,VALID,8.075,VALID,8.003,VALID,15.8,VALID,15.8,VALID,15.8,VALID,15.2,VALID,15.2,VALID,15.2,VALID,14.9,VALID,14.9,VALID,14.9,VALID,323.242,VALID,323.486,VALID,322.876,VALID,276.0,VALID,283.0,VALID,349.0,VALID,2.015,VALID,3.5,VALID,0.297,VALID,0.0,VALID,13.436,
7/30/17,5:10:02 PM,VALID,910.5,VALID,910.5,VALID,910.5,VALID,20.55,VALID,20.6,VALID,20.5,VALID,48.35,VALID,49.4,VALID,47.3,VALID,324.805,VALID,349.017,VALID,306.946,VALID,4.423,VALID,4.443,VALID,4.418,VALID,17.181,VALID,17.183,VALID,17.163,VALID,8.02,VALID,8.051,VALID,8.003,VALID,15.8,VALID,15.8,VALID,15.8,VALID,15.2,VALID,15.2,VALID,15.2,VALID,14.88,VALID,14.9,VALID,14.8,VALID,323.364,VALID,323.486,VALID,322.876,VALID,257.0,VALID,241.0,VALID,213.0,VALID,2.288,VALID,3.797,VALID,0.602,VALID,0.0,VALID,13.438,
7/30/17,5:20:02 PM,INVALID,0.0,INVALID,0.0,INVALID,0.0,INVALID,0.0,INVALID,0.0,INVALID,0.0,INVALID,0.0,INVALID,0.0,INVALID,0.0,VALID,286.258,VALID,302.767,VALID,271.004,VALID,4.423,VALID,4.443,VALID,4.418,VALID,17.179,VALID,17.203,VALID,17.163,VALID,8.0,VALID,8.027,VALID,7.979,VALID,15.8,VALID,15.8,VALID,15.8,VALID,15.2,VALID,15.2,VALID,15.2,VALID,14.89,VALID,14.9,VALID,14.8,VALID,323.181,VALID,323.486,VALID,322.876,VALID,269.0,VALID,275.0,VALID,238.0,VALID,1.875,VALID,3.203,VALID,0.797,VALID,0.0,VALID,13.44,
7/30/17,5:30:02 PM,VALID,910.5,VALID,910.5,VALID,910.5,VALID,20.7,VALID,20.7,VALID,20.7,VALID,44.054,VALID,45.3,VALID,43.2,VALID,253.795,VALID,266.458,VALID,240.336,VALID,4.418,VALID,4.418,VALID,4.418,VALID,17.188,VALID,17.203,VALID,17.163,VALID,7.998,VALID,8.027,VALID,7.979,VALID,15.8,VALID,15.8,VALID,15.8,VALID,15.2,VALID,15.2,VALID,15.2,VALID,14.89,VALID,14.9,VALID,14.8,VALID,322.876,VALID,322.876,VALID,322.876,VALID,270.0,VALID,289.0,VALID,264.0,VALID,1.289,VALID,2.703,VALID,0.203,VALID,0.0,VALID,13.443,
7/30/17,5:40:02 PM,VALID,910.5,VALID,910.5,VALID,910.5,VALID,20.665,VALID,20.7,VALID,20.5,VALID,43.95,VALID,45.6,VALID,42.9,VALID,222.111,VALID,237.529,VALID,206.037,VALID,4.418,VALID,4.418,VALID,4.418,VALID,17.179,VALID,17.183,VALID,17.163,VALID,7.998,VALID,8.027,VALID,7.955,VALID,15.86,VALID,15.9,VALID,15.8,VALID,15.2,VALID,15.2,VALID,15.2,VALID,14.9,VALID,14.9,VALID,14.9,VALID,322.876,VALID,322.876,VALID,322.876,VALID,261.0,VALID,287.0,VALID,315.0,VALID,1.604,VALID,3.297,VALID,0.203,VALID,0.0,VALID,13.436,
7/30/17,5:50:02 PM,VALID,910.5,VALID,910.5,VALID,910.5,VALID,20.383,VALID,20.5,VALID,20.3,VALID,41.6,VALID,44.0,VALID,38.7,VALID,190.524,VALID,203.989,VALID,176.177,VALID,4.418,VALID,4.418,VALID,4.418,VALID,17.181,VALID,17.203,VALID,17.163,VALID,7.996,VALID,8.003,VALID,7.979,VALID,15.9,VALID,15.9,VALID,15.9,VALID,15.2,VALID,15.2,VALID,15.2,VALID,14.89,VALID,14.9,VALID,14.8,VALID,322.876,VALID,322.876,VALID,322.876,VALID,264.0,VALID,252.0,VALID,264.0,VALID,1.929,VALID,3.102,VALID,1.102,VALID,0.0,VALID,13.431,
7/30/17,6:00:02 PM,VALID,910.5,VALID,910.5,VALID,910.5,VALID,20.2,VALID,20.2,VALID,20.2,VALID,42.95,VALID,43.1,VALID,42.8,VALID,157.255,VALID,172.923,VALID,141.454,VALID,4.418,VALID,4.418,VALID,4.418,VALID,17.179,VALID,17.183,VALID,17.163,VALID,7.996,VALID,8.027,VALID,7.979,VALID,15.9,VALID,15.9,VALID,15.9,VALID,15.2,VALID,15.2,VALID,15.2,VALID,14.9,VALID,14.9,VALID,14.9,VALID,322.937,VALID,323.486,VALID,322.876,VALID,260.0,VALID,251.0,VALID,205.0,VALID,1.106,VALID,1.703,VALID,0.297,VALID,0.0,VALID,13.448,
7/30/17,6:10:02 PM,VALID,910.45,VALID,910.5,VALID,910.4,VALID,20.21,VALID,20.3,VALID,20.2,VALID,46.34,VALID,48.5,VALID,45.1,VALID,123.236,VALID,138.082,VALID,107.211,VALID,4.418,VALID,4.418,VALID,4.418,VALID,17.171,VALID,17.183,VALID,17.163,VALID,7.996,VALID,8.003,VALID,7.979,VALID,15.99,VALID,16.0,VALID,15.9,VALID,15.2,VALID,15.2,VALID,15.2,VALID,14.89,VALID,14.9,VALID,14.8,VALID,322.876,VALID,322.876,VALID,322.876,VALID,237.0,VALID,259.0,VALID,92.0,VALID,0.556,VALID,1.297,VALID,0.102,VALID,0.0,VALID,13.455,
7/30/17,6:20:02 PM,VALID,910.492,VALID,910.5,VALID,910.4,VALID,19.992,VALID,20.2,VALID,19.8,VALID,46.025,VALID,46.9,VALID,44.3,VALID,89.803,VALID,103.696,VALID,75.969,VALID,4.418,VALID,4.418,VALID,4.418,VALID,17.167,VALID,17.183,VALID,17.163,VALID,7.993,VALID,8.027,VALID,7.979,VALID,16.0,VALID,16.0,VALID,16.0,VALID,15.2,VALID,15.2,VALID,15.2,VALID,14.9,VALID,15.0,VALID,14.8,VALID,322.937,VALID,323.486,VALID,322.876,VALID,211.0,VALID,197.0,VALID,213.0,VALID,0.859,VALID,2.602,VALID,0.297,VALID,0.0,VALID,13.462,
7/30/17,6:30:02 PM,VALID,910.5,VALID,910.5,VALID,910.5,VALID,18.823,VALID,19.7,VALID,18.3,VALID,53.294,VALID,55.5,VALID,46.9,VALID,59.41,VALID,72.868,VALID,46.826,VALID,4.42,VALID,4.443,VALID,4.418,VALID,17.177,VALID,17.203,VALID,17.163,VALID,7.984,VALID,8.003,VALID,7.955,VALID,16.0,VALID,16.0,VALID,16.0,VALID,15.2,VALID,15.2,VALID,15.2,VALID,14.89,VALID,14.9,VALID,14.8,VALID,323.792,VALID,324.097,VALID,322.876,VALID,93.0,VALID,114.0,VALID,330.0,VALID,0.551,VALID,1.0,VALID,0.102,VALID,0.0,VALID,13.472,
7/30/17,6:40:02 PM,VALID,910.5,VALID,910.5,VALID,910.5,VALID,17.713,VALID,18.3,VALID,17.0,VALID,56.948,VALID,60.4,VALID,54.6,VALID,20.797,VALID,40.261,VALID,12.69,VALID,4.418,VALID,4.418,VALID,4.418,VALID,17.187,VALID,17.223,VALID,17.163,VALID,7.962,VALID,8.003,VALID,7.931,VALID,16.0,VALID,16.0,VALID,16.0,VALID,15.2,VALID,15.2,VALID,15.2,VALID,14.92,VALID,15.0,VALID,14.9,VALID,325.195,VALID,325.928,VALID,324.707,VALID,115.0,VALID,114.0,VALID,134.0,VALID,0.882,VALID,1.297,VALID,0.398,VALID,0.0,VALID,13.188,
7/30/17,6:50:02 PM,VALID,910.53,VALID,910.6,VALID,910.5,VALID,16.45,VALID,17.0,VALID,16.2,VALID,62.322,VALID,65.2,VALID,60.4,VALID,8.685,VALID,12.019,VALID,5.757,VALID,4.418,VALID,4.418,VALID,4.418,VALID,17.195,VALID,17.203,VALID,17.183,VALID,7.991,VALID,8.027,VALID,7.979,VALID,16.01,VALID,16.1,VALID,16.0,VALID,15.2,VALID,15.2,VALID,15.2,VALID,14.89,VALID,14.9,VALID,14.8,VALID,326.66,VALID,327.148,VALID,326.538,VALID,115.0,VALID,115.0,VALID,97.0,VALID,0.963,VALID,1.203,VALID,0.703,VALID,0.0,VALID,12.971,
7/30/17,7:00:02 PM,VALID,910.6,VALID,910.6,VALID,910.6,VALID,15.738,VALID,16.2,VALID,15.3,VALID,67.67,VALID,72.0,VALID,65.3,VALID,3.689,VALID,5.282,VALID,2.262,VALID,4.42,VALID,4.443,VALID,4.418,VALID,17.191,VALID,17.203,VALID,17.183,VALID,7.984,VALID,8.027,VALID,7.931,VALID,16.08,VALID,16.1,VALID,16.0,VALID,15.2,VALID,15.2,VALID,15.2,VALID,14.89,VALID,14.9,VALID,14.8,VALID,327.148,VALID,327.148,VALID,327.148,VALID,74.0,VALID,89.0,VALID,176.0,VALID,0.592,VALID,1.703,VALID,0.0,VALID,0.0,VALID,12.841,
7/30/17,7:10:02 PM,VALID,910.657,VALID,910.7,VALID,910.6,VALID,15.105,VALID,15.2,VALID,15.0,VALID,72.968,VALID,76.9,VALID,71.0,VALID,1.08,VALID,1.966,VALID,0.405,VALID,4.418,VALID,4.443,VALID,4.418,VALID,17.187,VALID,17.203,VALID,17.163,VALID,7.984,VALID,8.003,VALID,7.955,VALID,16.1,VALID,16.1,VALID,16.1,VALID,15.2,VALID,15.2,VALID,15.2,VALID,14.9,VALID,14.9,VALID,14.9,VALID,327.271,VALID,327.759,VALID,327.148,VALID,305.0,VALID,273.0,VALID,301.0,VALID,1.076,VALID,2.203,VALID,0.203,VALID,0.0,VALID,12.737,
7/30/17,7:20:02 PM,VALID,910.7,VALID,910.7,VALID,910.7,VALID,15.123,VALID,15.2,VALID,15.0,VALID,75.542,VALID,77.7,VALID,72.4,VALID,0.151,VALID,0.359,VALID,0.034,VALID,4.42,VALID,4.443,VALID,4.418,VALID,17.183,VALID,17.203,VALID,17.163,VALID,7.998,VALID,8.027,VALID,7.955,VALID,16.1,VALID,16.1,VALID,16.1,VALID,15.2,VALID,15.2,VALID,15.2,VALID,14.9,VALID,14.9,VALID,14.9,VALID,327.759,VALID,327.759,VALID,327.759,VALID,308.0,VALID,330.0,VALID,23.0,VALID,0.992,VALID,1.797,VALID,0.297,VALID,0.0,VALID,12.654,
7/30/17,7:30:02 PM,VALID,910.748,VALID,910.8,VALID,910.7,VALID,14.76,VALID,15.0,VALID,14.6,VALID,76.402,VALID,78.6,VALID,74.2,VALID,0.002,VALID,0.018,VALID,0.0,VALID,4.42,VALID,4.443,VALID,4.418,VALID,17.186,VALID,17.203,VALID,17.163,VALID,7.986,VALID,8.003,VALID,7.955,VALID,16.17,VALID,16.2,VALID,16.1,VALID,15.2,VALID,15.2,VALID,15.2,VALID,14.88,VALID,14.9,VALID,14.8,VALID,328.613,VALID,329.59,VALID,327.759,VALID,270.0,VALID,265.0,VALID,285.0,VALID,0.789,VALID,1.203,VALID,0.297,VALID,0.0,VALID,12.574,
7/30/17,7:40:02 PM,VALID,910.732,VALID,910.8,VALID,910.7,VALID,14.298,VALID,14.6,VALID,14.0,VALID,79.303,VALID,81.9,VALID,77.0,VALID,0.009,VALID,0.03,VALID,0.0,VALID,4.423,VALID,4.443,VALID,4.418,VALID,17.177,VALID,17.183,VALID,17.163,VALID,7.984,VALID,8.003,VALID,7.931,VALID,16.2,VALID,16.2,VALID,16.2,VALID,15.2,VALID,15.2,VALID,15.2,VALID,14.91,VALID,15.0,VALID,14.9,VALID,329.529,VALID,330.2,VALID,328.369,VALID,280.0,VALID,278.0,VALID,320.0,VALID,0.806,VALID,1.602,VALID,0.0,VALID,0.0,VALID,12.512,
7/30/17,7:50:02 PM,VALID,910.7,VALID,910.7,VALID,910.7,VALID,13.642,VALID,14.0,VALID,13.4,VALID,81.797,VALID,84.4,VALID,77.8,VALID,0.025,VALID,0.036,VALID,0.0,VALID,4.428,VALID,4.443,VALID,4.418,VALID,17.179,VALID,17.183,VALID,17.163,VALID,7.988,VALID,8.003,VALID,7.955,VALID,16.2,VALID,16.2,VALID,16.2,VALID,15.2,VALID,15.2,VALID,15.2,VALID,14.9,VALID,14.9,VALID,14.9,VALID,330.383,VALID,330.811,VALID,330.2,VALID,313.0,VALID,283.0,VALID,93.0,VALID,0.669,VALID,1.297,VALID,0.0,VALID,0.0,VALID,12.483,
7/30/17,8:00:02 PM,VALID,910.7,VALID,910.7,VALID,910.7,VALID,13.513,VALID,13.7,VALID,13.3,VALID,84.54,VALID,86.0,VALID,82.8,VALID,0.017,VALID,0.043,VALID,0.0,VALID,4.423,VALID,4.443,VALID,4.418,VALID,17.175,VALID,17.183,VALID,17.163,VALID,7.984,VALID,8.027,VALID,7.955,VALID,16.2,VALID,16.2,VALID,16.2,VALID,15.2,VALID,15.2,VALID,15.2,VALID,14.9,VALID,15.0,VALID,14.8,VALID,332.764,VALID,334.473,VALID,331.421,VALID,307.0,VALID,268.0,VALID,162.0,VALID,0.491,VALID,1.398,VALID,0.0,VALID,0.0,VALID,12.477,
7/30/17,8:10:02 PM,VALID,910.753,VALID,910.8,VALID,910.7,VALID,12.768,VALID,13.3,VALID,12.2,VALID,83.967,VALID,85.0,VALID,82.7,VALID,0.021,VALID,0.048,VALID,0.0,VALID,4.425,VALID,4.443,VALID,4.418,VALID,17.179,VALID,17.203,VALID,17.163,VALID,7.976,VALID,8.027,VALID,7.931,VALID,16.2,VALID,16.2,VALID,16.2,VALID,15.2,VALID,15.2,VALID,15.2,VALID,14.91,VALID,15.0,VALID,14.9,VALID,337.219,VALID,339.355,VALID,335.083,VALID,330.0,VALID,321.0,VALID,206.0,VALID,0.65,VALID,1.203,VALID,0.0,VALID,0.0,VALID,12.474,
7/30/17,8:20:02 PM,VALID,910.8,VALID,910.8,VALID,910.8,VALID,11.932,VALID,12.2,VALID,11.7,VALID,86.025,VALID,87.2,VALID,84.9,VALID,0.005,VALID,0.031,VALID,0.0,VALID,4.43,VALID,4.443,VALID,4.418,VALID,17.173,VALID,17.183,VALID,17.163,VALID,7.988,VALID,8.003,VALID,7.955,VALID,16.2,VALID,16.2,VALID,16.2,VALID,15.2,VALID,15.2,VALID,15.2,VALID,14.92,VALID,15.0,VALID,14.9,VALID,342.102,VALID,343.628,VALID,339.355,VALID,48.0,VALID,56.0,VALID,1.0,VALID,0.484,VALID,0.797,VALID,0.203,VALID,0.0,VALID,12.454,
7/30/17,8:30:02 PM,VALID,910.853,VALID,910.9,VALID,910.8,VALID,11.758,VALID,11.8,VALID,11.7,VALID,88.065,VALID,88.9,VALID,86.4,VALID,0.022,VALID,0.046,VALID,0.0,VALID,4.433,VALID,4.443,VALID,4.418,VALID,17.173,VALID,17.183,VALID,17.143,VALID,7.988,VALID,8.027,VALID,7.955,VALID,16.23,VALID,16.3,VALID,16.2,VALID,15.2,VALID,15.2,VALID,15.2,VALID,14.92,VALID,15.0,VALID,14.9,VALID,346.924,VALID,349.121,VALID,344.238,VALID,142.0,VALID,119.0,VALID,183.0,VALID,0.387,VALID,1.0,VALID,0.102,VALID,0.0,VALID,12.449,
7/30/17,8:40:02 PM,VALID,910.868,VALID,910.9,VALID,910.8,VALID,11.598,VALID,11.8,VALID,11.4,VALID,88.515,VALID,89.6,VALID,87.7,VALID,0.01,VALID,0.022,VALID,0.0,VALID,4.433,VALID,4.443,VALID,4.418,VALID,17.177,VALID,17.183,VALID,17.163,VALID,7.986,VALID,8.027,VALID,7.955,VALID,16.3,VALID,16.3,VALID,16.3,VALID,15.2,VALID,15.2,VALID,15.2,VALID,14.9,VALID,14.9,VALID,14.9,VALID,352.539,VALID,354.004,VALID,349.731,VALID,148.0,VALID,102.0,VALID,213.0,VALID,0.408,VALID,1.0,VALID,0.102,VALID,0.0,VALID,12.454,
7/30/17,8:50:02 PM,VALID,910.87,VALID,910.9,VALID,910.8,VALID,11.155,VALID,11.4,VALID,10.9,VALID,88.867,VALID,89.9,VALID,87.5,VALID,0.013,VALID,0.05,VALID,0.0,VALID,4.436,VALID,4.443,VALID,4.418,VALID,17.171,VALID,17.183,VALID,17.163,VALID,7.984,VALID,8.003,VALID,7.955,VALID,16.3,VALID,16.3,VALID,16.3,VALID,15.2,VALID,15.2,VALID,15.2,VALID,14.92,VALID,15.0,VALID,14.9,VALID,356.689,VALID,359.497,VALID,354.614,VALID,119.0,VALID,123.0,VALID,133.0,VALID,0.397,VALID,0.898,VALID,0.102,VALID,0.0,VALID,12.449,
7/30/17,9:00:02 PM,VALID,910.812,VALID,910.9,VALID,910.8,VALID,11.058,VALID,11.2,VALID,10.9,VALID,90.742,VALID,91.8,VALID,90.0,VALID,0.019,VALID,0.037,VALID,0.0,VALID,4.438,VALID,4.443,VALID,4.418,VALID,17.173,VALID,17.183,VALID,17.163,VALID,7.993,VALID,8.003,VALID,7.955,VALID,16.3,VALID,16.3,VALID,16.3,VALID,15.2,VALID,15.2,VALID,15.2,VALID,14.92,VALID,15.0,VALID,14.9,VALID,363.22,VALID,366.211,VALID,360.107,VALID,82.0,VALID,115.0,VALID,244.0,VALID,0.339,VALID,1.0,VALID,0.0,VALID,0.0,VALID,12.445,
7/30/17,9:10:02 PM,VALID,910.8,VALID,910.8,VALID,910.8,VALID,10.765,VALID,10.9,VALID,10.7,VALID,90.887,VALID,91.3,VALID,90.6,VALID,0.018,VALID,0.046,VALID,0.0,VALID,4.44,VALID,4.443,VALID,4.418,VALID,17.181,VALID,17.203,VALID,17.163,VALID,7.998,VALID,8.027,VALID,7.979,VALID,16.3,VALID,16.3,VALID,16.3,VALID,15.2,VALID,15.2,VALID,15.2,VALID,14.92,VALID,15.0,VALID,14.9,VALID,369.934,VALID,372.925,VALID,366.821,VALID,111.0,VALID,122.0,VALID,94.0,VALID,0.442,VALID,0.797,VALID,0.102,VALID,0.0,VALID,12.44,
7/30/17,9:20:02 PM,VALID,910.8,VALID,910.8,VALID,910.8,VALID,10.637,VALID,10.8,VALID,10.5,VALID,90.998,VALID,91.7,VALID,90.2,VALID,0.012,VALID,0.028,VALID,0.0,VALID,4.44,VALID,4.443,VALID,4.418,VALID,17.185,VALID,17.203,VALID,17.163,VALID,7.986,VALID,8.027,VALID,7.955,VALID,16.36,VALID,16.4,VALID,16.3,VALID,15.2,VALID,15.2,VALID,15.2,VALID,14.91,VALID,15.0,VALID,14.9,VALID,376.526,VALID,379.639,VALID,374.146,VALID,114.0,VALID,113.0,VALID,101.0,VALID,0.752,VALID,1.102,VALID,0.5,VALID,0.0,VALID,12.435,
7/30/17,9:30:02 PM,VALID,910.8,VALID,910.8,VALID,910.8,VALID,10.57,VALID,10.6,VALID,10.5,VALID,91.372,VALID,91.8,VALID,90.9,VALID,0.011,VALID,0.034,VALID,0.0,VALID,4.443,VALID,4.443,VALID,4.443,VALID,17.183,VALID,17.203,VALID,17.163,VALID,7.991,VALID,8.003,VALID,7.955,VALID,16.4,VALID,16.4,VALID,16.4,VALID,15.2,VALID,15.2,VALID,15.2,VALID,14.93,VALID,15.0,VALID,14.9,VALID,383.85,VALID,388.184,VALID,380.249,VALID,151.0,VALID,136.0,VALID,183.0,VALID,0.847,VALID,1.297,VALID,0.5,VALID,0.0,VALID,12.429,
7/30/17,9:40:02 PM,VALID,910.8,VALID,910.8,VALID,910.8,VALID,10.785,VALID,11.0,VALID,10.4,VALID,91.985,VALID,93.3,VALID,89.6,VALID,0.01,VALID,0.055,VALID,0.0,VALID,4.443,VALID,4.443,VALID,4.443,VALID,17.177,VALID,17.203,VALID,17.163,VALID,7.991,VALID,8.027,VALID,7.931,VALID,16.4,VALID,16.4,VALID,16.4,VALID,15.2,VALID,15.2,VALID,15.2,VALID,14.91,VALID,15.0,VALID,14.9,VALID,391.174,VALID,393.066,VALID,388.794,VALID,132.0,VALID,132.0,VALID,118.0,VALID,0.728,VALID,1.0,VALID,0.297,VALID,0.0,VALID,12.41,
7/30/17,9:50:02 PM,VALID,910.86,VALID,910.9,VALID,910.8,VALID,10.107,VALID,10.4,VALID,10.0,VALID,90.608,VALID,91.6,VALID,88.8,VALID,0.014,VALID,0.043,VALID,0.0,VALID,4.443,VALID,4.443,VALID,4.443,VALID,17.183,VALID,17.203,VALID,17.163,VALID,7.993,VALID,8.003,VALID,7.955,VALID,16.4,VALID,16.4,VALID,16.4,VALID,15.2,VALID,15.2,VALID,15.2,VALID,14.9,VALID,14.9,VALID,14.9,VALID,396.545,VALID,399.78,VALID,393.677,VALID,129.0,VALID,162.0,VALID,93.0,VALID,0.398,VALID,0.703,VALID,0.0,VALID,0.0,VALID,12.407,
7/30/17,10:00:02 PM,VALID,910.872,VALID,910.9,VALID,910.8,VALID,9.92,VALID,10.1,VALID,9.7,VALID,91.197,VALID,91.8,VALID,90.7,VALID,0.003,VALID,0.022,VALID,0.0,VALID,4.443,VALID,4.443,VALID,4.443,VALID,17.179,VALID,17.203,VALID,17.163,VALID,7.986,VALID,8.027,VALID,7.955,VALID,16.4,VALID,16.4,VALID,16.4,VALID,15.2,VALID,15.2,VALID,15.2,VALID,14.91,VALID,15.0,VALID,14.9,VALID,403.687,VALID,407.104,VALID,400.391,VALID,125.0,VALID,119.0,VALID,108.0,VALID,0.893,VALID,1.102,VALID,0.5,VALID,0.0,VALID,12.412,
7/30/17,10:10:03 PM,VALID,910.815,VALID,910.9,VALID,910.8,VALID,9.758,VALID,9.9,VALID,9.6,VALID,91.812,VALID,92.6,VALID,91.3,VALID,0.003,VALID,0.025,VALID,0.0,VALID,4.443,VALID,4.443,VALID,4.443,VALID,17.175,VALID,17.183,VALID,17.163,VALID,7.991,VALID,8.003,VALID,7.955,VALID,16.4,VALID,16.4,VALID,16.4,VALID,15.2,VALID,15.2,VALID,15.2,VALID,14.91,VALID,15.0,VALID,14.9,VALID,410.889,VALID,413.818,VALID,407.715,VALID,131.0,VALID,135.0,VALID,132.0,VALID,0.983,VALID,1.297,VALID,0.602,VALID,0.0,VALID,12.409,
7/30/17,10:20:03 PM,VALID,910.8,VALID,910.8,VALID,910.8,VALID,9.613,VALID,9.7,VALID,9.5,VALID,91.97,VALID,92.4,VALID,91.1,VALID,0.01,VALID,0.07,VALID,0.0,VALID,4.443,VALID,4.443,VALID,4.443,VALID,17.181,VALID,17.183,VALID,17.163,VALID,7.996,VALID,8.027,VALID,7.955,VALID,16.4,VALID,16.4,VALID,16.4,VALID,15.2,VALID,15.2,VALID,15.2,VALID,14.95,VALID,15.0,VALID,14.9,VALID,417.725,VALID,420.532,VALID,414.429,VALID,158.0,VALID,149.0,VALID,187.0,VALID,0.853,VALID,1.398,VALID,0.297,VALID,0.0,VALID,12.407,
7/30/17,10:30:03 PM,VALID,910.783,VALID,910.8,VALID,910.7,VALID,9.575,VALID,9.6,VALID,9.5,VALID,92.237,VALID,92.6,VALID,91.9,VALID,0.053,VALID,0.082,VALID,0.019,VALID,4.443,VALID,4.443,VALID,4.443,VALID,17.179,VALID,17.203,VALID,17.163,VALID,7.993,VALID,8.027,VALID,7.955,VALID,16.4,VALID,16.4,VALID,16.4,VALID,15.2,VALID,15.2,VALID,15.2,VALID,14.97,VALID,15.0,VALID,14.9,VALID,425.11,VALID,428.467,VALID,421.753,VALID,99.0,VALID,119.0,VALID,268.0,VALID,0.377,VALID,0.797,VALID,0.0,VALID,0.0,VALID,12.402,
7/30/17,10:40:03 PM,VALID,910.702,VALID,910.8,VALID,910.7,VALID,9.457,VALID,9.6,VALID,9.3,VALID,92.238,VALID,92.6,VALID,91.8,VALID,0.02,VALID,0.043,VALID,0.0,VALID,4.443,VALID,4.443,VALID,4.443,VALID,17.177,VALID,17.183,VALID,17.163,VALID,7.988,VALID,8.027,VALID,7.955,VALID,16.4,VALID,16.4,VALID,16.4,VALID,15.2,VALID,15.2,VALID,15.2,VALID,14.97,VALID,15.0,VALID,14.9,VALID,432.129,VALID,435.791,VALID,428.467,VALID,130.0,VALID,133.0,VALID,115.0,VALID,1.22,VALID,1.602,VALID,0.703,VALID,0.0,VALID,12.396,
7/30/17,10:50:03 PM,VALID,910.697,VALID,910.7,VALID,910.6,VALID,9.518,VALID,9.6,VALID,9.4,VALID,92.81,VALID,93.1,VALID,92.6,VALID,0.008,VALID,0.047,VALID,0.0,VALID,4.446,VALID,4.468,VALID,4.443,VALID,17.173,VALID,17.183,VALID,17.163,VALID,7.991,VALID,8.003,VALID,7.955,VALID,16.4,VALID,16.4,VALID,16.4,VALID,15.2,VALID,15.2,VALID,15.2,VALID,14.97,VALID,15.0,VALID,14.9,VALID,440.674,VALID,444.336,VALID,436.401,VALID,162.0,VALID,142.0,VALID,137.0,VALID,0.696,VALID,1.5,VALID,0.297,VALID,0.0,VALID,12.392,
7/30/17,11:00:03 PM,VALID,910.545,VALID,910.6,VALID,910.4,VALID,9.473,VALID,9.7,VALID,9.1,VALID,92.545,VALID,93.3,VALID,91.6,VALID,0.023,VALID,0.055,VALID,0.0,VALID,4.448,VALID,4.468,VALID,4.443,VALID,17.173,VALID,17.183,VALID,17.163,VALID,8.005,VALID,8.027,VALID,7.979,VALID,16.4,VALID,16.4,VALID,16.4,VALID,15.2,VALID,15.2,VALID,15.2,VALID,14.99,VALID,15.0,VALID,14.9,VALID,447.754,VALID,451.05,VALID,444.946,VALID,346.0,VALID,337.0,VALID,155.0,VALID,0.959,VALID,2.602,VALID,0.0,VALID,0.0,VALID,12.37,
7/30/17,11:10:03 PM,VALID,910.443,VALID,910.5,VALID,910.4,VALID,9.523,VALID,10.0,VALID,9.1,VALID,93.267,VALID,93.8,VALID,92.1,VALID,0.019,VALID,0.063,VALID,0.0,VALID,4.443,VALID,4.443,VALID,4.443,VALID,17.177,VALID,17.183,VALID,17.163,VALID,7.991,VALID,8.027,VALID,7.955,VALID,16.4,VALID,16.4,VALID,16.4,VALID,15.2,VALID,15.2,VALID,15.2,VALID,14.99,VALID,15.0,VALID,14.9,VALID,455.811,VALID,460.815,VALID,451.66,VALID,299.0,VALID,352.0,VALID,252.0,VALID,1.79,VALID,3.203,VALID,0.602,VALID,0.0,VALID,12.376,
7/30/17,11:20:03 PM,VALID,910.6,VALID,910.6,VALID,910.6,VALID,9.943,VALID,10.4,VALID,9.5,VALID,92.414,VALID,94.0,VALID,90.2,VALID,0.004,VALID,0.028,VALID,0.0,VALID,4.448,VALID,4.468,VALID,4.443,VALID,17.177,VALID,17.203,VALID,17.163,VALID,7.984,VALID,8.027,VALID,7.955,VALID,16.4,VALID,16.4,VALID,16.4,VALID,15.2,VALID,15.2,VALID,15.2,VALID,14.97,VALID,15.0,VALID,14.9,VALID,465.698,VALID,469.36,VALID,461.426,VALID,28.0,VALID,250.0,VALID,18.0,VALID,0.496,VALID,0.797,VALID,0.0,VALID,0.0,VALID,12.379,
7/30/17,11:30:03 PM,VALID,910.683,VALID,910.7,VALID,910.6,VALID,9.125,VALID,9.3,VALID,9.0,VALID,91.787,VALID,93.0,VALID,90.3,VALID,0.014,VALID,0.044,VALID,0.0,VALID,4.446,VALID,4.468,VALID,4.443,VALID,17.169,VALID,17.183,VALID,17.163,VALID,7.998,VALID,8.027,VALID,7.979,VALID,16.4,VALID,16.4,VALID,16.4,VALID,15.2,VALID,15.2,VALID,15.2,VALID,14.99,VALID,15.0,VALID,14.9,VALID,474.365,VALID,479.126,VALID,469.971,VALID,97.0,VALID,89.0,VALID,103.0,VALID,0.753,VALID,1.102,VALID,0.297,VALID,0.0,VALID,12.377,
7/30/17,11:40:03 PM,VALID,910.7,VALID,910.7,VALID,910.7,VALID,9.309,VALID,9.5,VALID,8.9,VALID,92.605,VALID,93.3,VALID,91.1,VALID,0.019,VALID,0.049,VALID,0.0,VALID,4.448,VALID,4.468,VALID,4.443,VALID,17.175,VALID,17.203,VALID,17.163,VALID,7.993,VALID,8.027,VALID,7.955,VALID,16.4,VALID,16.4,VALID,16.4,VALID,15.2,VALID,15.2,VALID,15.2,VALID,15.0,VALID,15.0,VALID,15.0,VALID,485.901,VALID,490.723,VALID,480.347,VALID,127.0,VALID,131.0,VALID,137.0,VALID,0.888,VALID,1.203,VALID,0.5,VALID,0.0,VALID,12.373,
7/30/17,11:50:03 PM,VALID,910.7,VALID,910.7,VALID,910.7,VALID,8.891,VALID,9.0,VALID,8.8,VALID,92.422,VALID,93.1,VALID,91.5,VALID,0.008,VALID,0.04,VALID,0.0,VALID,4.449,VALID,4.468,VALID,4.443,VALID,17.184,VALID,17.203,VALID,17.163,VALID,7.996,VALID,8.027,VALID,7.955,VALID,16.4,VALID,16.4,VALID,16.4,VALID,15.2,VALID,15.2,VALID,15.2,VALID,15.0,VALID,15.0,VALID,15.0,VALID,495.85,VALID,500.488,VALID,491.333,VALID,135.0,VALID,132.0,VALID,176.0,VALID,1.4,VALID,1.898,VALID,0.703,VALID,0.0,VALID,12.369,
